file_name,x,y,z,node_x,line_id,point_id,degree_x,vol_cc_x,avg_PK_Of_element_x,element_connectivity_x,Unnamed: 0_y,cc_length_(um),cc_vol_from_img_(um3),branches,nodes,edges,cc_average_degree_excludeFreeEnds,cc_max_PK,cc_average_connectivity,diameter,element_length_(um),element_average_width,element_Volume_Voxel,x_x,y_x,z_x,width_(um),x_pixel,y_pixel,z_pixel,distance,x_y,y_y,z_y,node_y,degree_y,cc_y,vol_cc_y,avg_PK_Of_element_y,element_connectivity_y,coeff_of_variance_cc,coeff_of_variance_line_id,density,pathLength,clustering_coefficient,matching_index,cc_center_x,cc_center_y,cc_center_z,center_x,center_y,center_z,distance_to_center,order,Angle_Flag,degree_distribution_0,degree_distribution_1,degree_distribution_2,degree_distribution_3,degree_distribution_4,degree_distribution_5,degree_distribution_6,degree_distribution_7,degree_distribution_8,degree_distribution_9,degree_distribution_10,degree_distribution_11,cell_group
Tol1-2_Subset_1.tif,9.36,2.912,12.5,0,140,2,1,0.03245,1,1,2,0.208,0.03245,1,2,1,0,2,0,0.445687796,0.208,0.148916667,0.030974667,9.36,2.912,12.5,0.12575,90,115,25,10.67013252,9.36,2.912,12.5,0,1,1,0.03245,1,1,65.78602543,164.3905223,1,1,0,0,9.36,2.808,12.5,9.36,2.808,12.5,0,0,0,0,2,0,0,0,0,0,0,0,0,0,0,0
Tol1-2_Subset_2.tif,8.32,2.288,10,2,139,6,1,0.2055,1,1,9,0.87673,0.2055,1,2,1,0,2,0,0.546296023,0.876723327,0.213117143,0.186844771,8.32,2.288,10,0.16085,80,121,20,8.411896338,8.32,2.288,10,2,1,2,0.2055,1,1,45.286222,55.23619519,1,1,0,0,8.356865,2.6,9.75,8.356865,2.6,9.75,0,0,0,0,2,0,0,0,0,0,0,0,0,0,0,0
Tol1-2_Subset_5.tif,8.216,7.904,9,4,134,17,1,1.68189,2,0.5,203,7.58906,1.68189,5,8,7,1.125,9,0.888888889,0.531202194,2.417757157,0.224338333,0.542395611,8.216,7.904,9,0.104,79,67,18,7.708866583,8.216,7.904,9,4,1,5,1.68189,2,0.5,80.98871943,65.67316041,0.25,2.321428571,0,0.226190476,9.26006,9.048,7.75,8.60752,8.632,8.5,1.077666206,5,0,0,5,0,3,0,0,0,0,0,0,0,0,0
Tol1-2_Subset_6.tif,3.432,7.696,9,5,137,2,1,0.09194,1,1,224,0.55292,0.09194,1,2,1,0,2,0,0.460125348,0.552922602,0.26216,0.144954189,3.432,7.696,9,0.18685,33,69,18,9.434998675,3.432,7.696,9,5,1,6,0.09194,1,1,183.2016399,110.1590851,1,1,0,0,3.484,7.8,8.75,3.484,7.8,8.75,0,0,0,0,2,0,0,0,0,0,0,0,0,0,0,0
Tol1-2_Subset_3.tif,4.368,9.568,8.5,7,131,11,1,5.25658,2,0.5,52,25.18028,5.25658,7,14,16,1.785714286,16,0.56,0.515556683,1.964711403,0.417616667,0.820496227,4.368,9.568,8.5,0.19516,42,51,17,9.32947244,4.368,9.568,8.5,7,1,3,5.25658,2,0.5,42.8279196,56.16737042,0.175824176,2.681318681,0.090909091,0.178571429,4.29061,10.96692,6.12037,4.108,10.14,8.11111,2.163374412,15,0,0,7,0,3,4,0,0,0,0,0,0,0,0
Tol1-2_Subset_7.tif,6.344,9.36,8.5,8,136,9,1,0.37315,1,1,234,1.18147,0.37315,1,2,1,0,2,0,0.634140416,1.181468511,0.308435,0.36440624,6.344,9.36,8.5,0.04096,61,53,17,8.396510704,6.344,9.36,8.5,8,1,7,0.37315,1,1,38.18453823,66.17509031,1,1,0,0,6.188,9.828,8.25,6.188,9.828,8.25,0,0,0,0,2,0,0,0,0,0,0,0,0,0,0,0
Tol1-2_Subset_8.tif,6.552,9.048,8.5,9,138,5,1,0.17846,1,1,240,0.53773,0.17846,1,2,1,0,2,0,0.650044923,0.537734667,0.261483333,0.140608653,6.552,9.048,8.5,0.17726,63,56,17,8.164662394,6.552,9.048,8.5,9,1,8,0.17846,1,1,47.8775151,47.73029822,1,1,0,0,6.5,8.788,8.5,6.5,8.788,8.5,0,0,0,0,2,0,0,0,0,0,0,0,0,0,0,0
Tol1-2_Subset_9.tif,6.864,11.44,7.5,16,121,4,1,21.17232,2,0.5,717,81.7968,21.17232,22,53,61,1.886792453,6,0.53,0.574078295,1.302139523,0.374304,0.487396032,6.864,11.44,7.5,0.39681,66,33,15,8.906300691,6.864,11.44,7.5,16,1,9,21.17232,2,0.5,115.3540527,51.69302822,0.044267054,8.090711176,0.096774194,0.035195936,6.396,6.9679,4.75,7.089335,11.613335,6.916665,5.172544537,22,0,0,22,0,26,4,0,1,0,0,0,0,0,0
Tol1-2_Subset_4.tif,3.432,9.984,7.5,19,124,20,1,2.08208,2,0.5,158,7.37666,2.08208,2,4,4,1.5,6,0.666666667,0.599478873,3.453070134,0.361091429,1.246874027,3.432,9.984,7.5,0.2126,33,47,15,9.424937984,3.432,9.984,7.5,19,1,4,2.08208,2,0.5,36.34637813,133.3559955,0.666666667,1.666666667,0,0.25,2.71724,8.84,7.5,2.95994,9.36,7.703705,0.608932687,0,0,0,2,0,2,0,0,0,0,0,0,0,0,0
Tol1-2_Subset_10.tif,10.816,4.16,7.5,23,128,3,1,0.07571,1,1,721,0.312,0.07571,1,2,1,0,2,0,0.555845873,0.312,0.1830975,0.05712642,10.816,4.16,7.5,0.18132,104,103,15,5.81078308,10.816,4.16,7.5,23,1,10,0.07571,1,1,63.69639833,86.28405401,1,1,0,0,10.66,4.16,7.5,10.66,4.16,7.5,0,0,0,0,2,0,0,0,0,0,0,0,0,0,0,0
Tol1-2_Subset_11.tif,7.592,11.336,7,26,111,13,1,0.68682,1,1,735,1.82121,0.68682,1,2,1,0,2,0,0.692941406,1.821209926,0.343157143,0.624961195,7.592,11.336,7,0.12847,73,34,14,8.369506557,7.592,11.336,7,26,1,11,0.68682,1,1,45.50040689,50.42476796,1,1,0,0,8.268,11.463665,6.5,8.268,11.463665,6.5,0,0,0,0,2,0,0,0,0,0,0,0,0,0,0,0
Tol1-2_Subset_12.tif,10.4,9.048,6.5,38,94,4,1,6.11104,2,0.5,841,23.84478,6.11104,5,11,12,1.727272727,4,0.578947368,0.571236517,1.577683279,0.27784,0.438343522,10.4,9.048,6.5,0.20816,100,56,13,6.345045311,10.4,9.048,6.5,38,1,12,6.11104,2,0.5,59.09536756,177.2892027,0.218181818,2.509090909,0,0.196969697,10.868,7.852,4,10.608,9.152,5.75,2.195472614,9,0,0,5,0,5,1,0,0,0,0,0,0,0,0
Tol1-2_Subset_14.tif,8.112,11.96,6,42,105,7,1,0.37315,1,1,932,1.01831,0.37315,1,2,1,0,2,0,0.683056735,1.018306421,0.3459925,0.352326384,8.112,11.96,6,0.21686,78,28,12,8.268680185,8.112,11.96,6,42,1,14,0.37315,1,1,66.40308851,49.1255152,1,1,0,0,8.424,12.22,5.75,8.424,12.22,5.75,0,0,0,0,2,0,0,0,0,0,0,0,0,0,0,0
Tol1-2_Subset_13.tif,7.696,2.912,6,48,103,5,1,3.01226,2,0.5,872,10.96089,3.01226,4,6,5,1,6,1,0.591532182,1.043629657,0.319033333,0.332952648,7.696,2.912,6,0.25408,74,115,12,4.618688991,7.696,2.912,6,48,1,13,3.01226,2,0.5,50.26193362,59.54977089,0.333333333,1.933333333,0,0.311111111,9.412,4.42,4.75,7.990665,3.04471,5.666665,2.179883136,4,0,0,4,0,2,0,0,0,0,0,0,0,0,0
Tol1-2_Subset_15.tif,7.072,6.76,5.5,54,34,25,1,2.704,2,0.5,962,8.93897,2.704,4,6,5,1,6,1,0.620604132,4.514030543,0.337675385,1.524277,7.072,6.76,5.5,0.28439,68,78,11,4.478744467,7.072,6.76,5.5,54,1,15,2.704,2,0.5,55.57749571,50.15448031,0.333333333,1.933333333,0,0.311111111,5.72,7.591795,4,6.864,7.591795,4.25,1.170997865,0,0,0,4,0,2,0,0,0,0,0,0,0,0,0
Tol1-2_Subset_17.tif,3.224,1.664,5.5,57,92,3,1,0.29744,1,1,1004,0.63637,0.29744,1,2,1,0,2,0,0.771435991,0.636369529,0.386795,0.246144552,3.224,1.664,5.5,0.22941,31,127,11,7.476856024,3.224,1.664,5.5,57,1,17,0.29744,1,1,56.81267008,55.26959944,1,1,0,0,3.068,1.768,5.25,3.068,1.768,5.25,0,0,0,0,2,0,0,0,0,0,0,0,0,0,0,0
Tol1-2_Subset_16.tif,10.92,12.688,5,61,51,3,1,0.67059,1,1,1000,1.56355,0.67059,1,2,1,0,2,0,0.738971533,1.563549807,0.4126525,0.645202737,10.92,12.688,5,0.15862,105,21,10,8.658960677,10.92,12.688,5,61,1,16,0.67059,1,1,49.69033912,49.37534565,1,1,0,0,10.764,12.532,4.25,10.764,12.532,4.25,0,0,0,0,2,0,0,0,0,0,0,0,0,0,0,0
Tol1-2_Subset_18.tif,7.28,2.704,4,97,12,10,1,0.97344,2,0.5,1029,4.34667,0.97344,3,4,3,0.75,3,1.333333333,0.53398778,2.481794661,0.361799091,0.897911052,7.28,2.704,4,0.42206,70,117,8,3.384113473,7.28,2.704,4,97,1,18,0.97344,2,0.5,55.75415036,49.81014684,0.5,1.5,0,0.5,6.60796,1.924,2.75,6.76,2.392,3,0.551942172,0,0,0,3,0,1,0,0,0,0,0,0,0,0,0
Tol1-2_Subset_20.tif,9.776,9.152,3.5,103,36,3,1,0.32989,1,1,1069,0.63443,0.32989,1,2,1,0,2,0,0.813669017,0.634434337,0.413125,0.262100685,9.776,9.152,3.5,0.4151,94,55,7,4.675404581,9.776,9.152,3.5,103,1,20,0.32989,1,1,57.51393088,46.61694517,1,1,0,0,9.672,8.996,3.25,9.672,8.996,3.25,0,0,0,0,2,0,0,0,0,0,0,0,0,0,0,0
Tol1-2_Subset_22.tif,5.616,10.712,3,111,23,14,1,0.676,1,1,1097,1.72672,0.676,1,2,1,0,2,0,0.706020721,1.726717584,0.331261333,0.571994769,5.616,10.712,3,0.27853,54,40,6,6.922413452,5.616,10.712,3,111,1,22,0.676,1,1,98.28363891,51.85972069,1,1,0,0,5.979795,10.313165,2.75,5.979795,10.313165,2.75,0,0,0,0,2,0,0,0,0,0,0,0,0,0,0,0
Tol1-2_Subset_19.tif,3.9173,9.2213,2.8333,112,21,8,3,1.58995,2,0.5,1065,5.00968,1.58995,3,4,3,0.75,3,1.333333333,0.63568476,1.08673399,0.422887778,0.459566522,3.91733,9.22133,2.83333,0.4346,38,54,6,6.834333257,3.9173,9.2213,2.8333,112,3,19,1.58995,2,0.5,37.11092747,59.01338236,0.5,1.5,0,0.5,4.264,9.204,2.98148,3.466665,9.149395,2.666665,0.85897223,1,0,0,3,0,1,0,0,0,0,0,0,0,0,0
Tol1-2_Subset_21.tif,9.256,7.696,3,117,17,12,1,0.84906,1,1,1082,1.53551,0.84906,1,2,1,0,2,0,0.839069482,1.535509647,0.419008462,0.643391535,9.256,7.696,3,0.31391,89,69,6,3.085937135,9.256,7.696,3,117,1,21,0.84906,1,1,51.00667974,50.46109205,1,1,0,0,8.788,7.28,2.75,8.788,7.28,2.75,0,0,0,0,2,0,0,0,0,0,0,0,0,0,0,0
Tol1-2_Subset_23.tif,8.216,10.296,2.5,123,24,2,1,0.24336,1,1,1100,0.208,0.24336,1,2,1,0,2,0,1.220528684,0.208,0.295913333,0.061549973,8.216,10.296,2.5,0.31135,79,44,5,5.596817667,8.216,10.296,2.5,123,1,23,0.24336,1,1,49.13525886,50.12807511,1,1,0,0,8.216,10.192,2.5,8.216,10.192,2.5,0,0,0,0,2,0,0,0,0,0,0,0,0,0,0,0
Tol1-2_Subset_24.tif,5.512,9.568,2.5,127,22,3,1,0.03245,1,1,1104,0.312,0.03245,1,2,1,0,2,0,0.363902562,0.312,0.1907725,0.05952102,5.512,9.568,2.5,0.18938,53,51,5,5.969920602,5.512,9.568,2.5,127,1,24,0.03245,1,1,71.80649293,49.63441006,1,1,0,0,5.512,9.412,2.5,5.512,9.412,2.5,0,0,0,0,2,0,0,0,0,0,0,0,0,0,0,0
Tol1-2_Subset_26.tif,9.048,4.784,2,136,141,11,1,0.41101,1,1,1123,1.67897,0.41101,1,2,1,0,2,0,0.558289918,1.67897012,0.249064167,0.418171294,9.048,4.784,2,0.21493,87,97,4,0,9.048,4.784,2,136,1,26,0.41101,1,1,51.22749907,369.2112174,1,1,0,0,8.476,4.316,1.75,8.476,4.316,1.75,0,0,0,0,2,0,0,0,0,0,0,0,0,0,0,0
Tol1-2_Subset_27.tif,7.592,4.472,2,137,7,6,1,0.22173,1,1,1130,0.86816,0.22173,1,2,1,0,2,0,0.570252768,0.868157838,0.237915714,0.206548392,7.592,4.472,2,0.23673,73,100,4,1.489053391,7.592,4.472,2,137,1,27,0.22173,1,1,57.82122573,55.50434897,1,1,0,0,7.28,4.368,1.75,7.28,4.368,1.75,0,0,0,0,2,0,0,0,0,0,0,0,0,0,0,0
Tol1-2_Subset_28.tif,5.2,4.368,2,138,11,27,1,0.93018,1,1,1158,3.50645,0.93018,1,2,1,0,2,0,0.581172067,3.506444317,0.27539,0.9656397,5.2,4.368,2,0.32805,50,101,4,3.870421166,5.2,4.368,2,138,1,28,0.93018,1,1,51.25428889,60.87884727,1,1,0,0,4.16,3.224,1.824075,4.16,3.224,1.824075,0,0,0,0,2,0,0,0,0,0,0,0,0,0,0,0
Tol1-2_Subset_29.tif,10.504,3.328,2,139,6,10,1,0.31907,1,1,1169,1.34265,0.31907,1,2,1,0,2,0,0.550068325,1.342649571,0.26936,0.361656088,10.504,3.328,2,0.23594,101,111,4,2.059094947,10.504,3.328,2,139,1,29,0.31907,1,1,52.9826526,50.75289228,1,1,0,0,10.088,3.53996,1.75,10.088,3.53996,1.75,0,0,0,0,2,0,0,0,0,0,0,0,0,0,0,0
Tol1-2_Subset_30.tif,9.464,2.912,2,140,13,9,1,0.36774,1,1,1179,1.15505,0.36774,1,2,1,0,2,0,0.636685711,1.155044758,0.226694,0.261841716,9.464,2.912,2,0.15601,91,115,4,1.917665247,9.464,2.912,2,140,1,30,0.36774,1,1,44.17719957,54.76580434,1,1,0,0,8.996,2.6,2,8.996,2.6,2,0,0,0,0,2,0,0,0,0,0,0,0,0,0,0,0
Tol1-2_Subset_31.tif,7.4533,2.184,1.8333,142,3,6,1,0.25418,1,1,1186,0.82201,0.25418,1,2,1,0,2,0,0.627461664,0.822012952,0.35452,0.291420032,7.45333,2.184,1.83333,0.28631,72,122,4,3.054627849,7.4533,2.184,1.8333,142,1,31,0.25418,1,1,63.54194009,58.9506202,1,1,0,0,7.782665,2.34,1.666665,7.782665,2.34,1.666665,0,0,0,0,2,0,0,0,0,0,0,0,0,0,0,0
Tol1-2_Subset_25.tif,6.552,6.448,1.5,145,10,6,1,0.11898,1,1,1111,0.77149,0.11898,1,2,1,0,2,0,0.443125651,0.771486664,0.198224286,0.152927393,6.552,6.448,1.5,0.0407,63,81,3,3.041202394,6.552,6.448,1.5,145,1,25,0.11898,1,1,123.5310711,58.77520375,1,1,0,0,6.864,6.292,1.564815,6.864,6.292,1.564815,0,0,0,0,2,0,0,0,0,0,0,0,0,0,0,0
Tol1-2_Subset_32.tif,9.568,5.512,1.5,147,9,2,1,0.0703,1,1,1189,0.23586,0.0703,1,2,1,0,2,0,0.616035266,0.235862461,0.233306667,0.055028285,9.568,5.512,1.5,0.20878,92,90,3,1.024882432,9.568,5.512,1.5,147,1,32,0.0703,1,1,81.10282601,217.984691,1,1,0,0,9.516,5.408,1.5,9.516,5.408,1.5,0,0,0,0,2,0,0,0,0,0,0,0,0,0,0,0
Tol1-2_Subset_33.tif,8.84,3.328,1.5,153,5,5,1,0.11898,1,1,1195,0.63245,0.11898,1,2,1,0,2,0,0.489416879,0.632445994,0.28996,0.18338404,8.84,3.328,1.5,0.18508,85,111,3,1.553447778,8.84,3.328,1.5,153,1,33,0.11898,1,1,42.78472892,88.47559039,1,1,0,0,8.684,3.068,1.5,8.684,3.068,1.5,0,0,0,0,2,0,0,0,0,0,0,0,0,0,0,0
Tol1-2_Subset_34.tif,3.224,3.12,1.5,154,4,3,1,0.0703,1,1,1199,0.38243,0.0703,1,2,1,0,2,0,0.483789842,0.382425656,0.2130425,0.081472918,3.224,3.12,1.5,0.22209,31,113,3,6.077653495,3.224,3.12,1.5,154,1,34,0.0703,1,1,49.07540186,55.92742927,1,1,0,0,3.12,2.964,1.5,3.12,2.964,1.5,0,0,0,0,2,0,0,0,0,0,0,0,0,0,0,0
Tol1-2_Subset_35.tif,4.368,1.352,1.5,159,0,9,1,0.16224,1,1,1209,0.95288,0.16224,1,2,1,0,2,0,0.465602091,0.952880614,0.282365,0.269060135,4.368,1.352,1.5,0.17088,42,130,3,5.825034249,4.368,1.352,1.5,159,1,35,0.16224,1,1,53.75915179,55.86425943,1,1,0,0,4.316,0.884,1.5,4.316,0.884,1.5,0,0,0,0,2,0,0,0,0,0,0,0,0,0,0,0
Tol1-1_Subset_1.tif,21.32,21.424,13.5,0,241,3,1,0.03245,1,1,3,0.312,0.03245,1,2,1,0,2,0,0.363902562,0.312,0.1761275,0.05495178,21.32,21.424,13.5,0.18862,205,45,27,16.08924113,21.32,21.424,13.5,0,1,1,0.03245,1,1,65.78602543,55.13144946,1,1,0,0,21.32,21.268,13.5,21.32,21.268,13.5,0,0,0,0,2,0,0,0,0,0,0,0,0,0,0,1
Tol1-1_Subset_2.tif,17.368,22.776,11.5,2,240,2,1,0.09194,1,1,6,0.208,0.09194,1,2,1,0,2,0,0.75019755,0.208,0.24092,0.05011136,17.368,22.776,11.5,0.20592,167,32,23,13.2669478,17.368,22.776,11.5,2,1,2,0.09194,1,1,45.286222,57.99910706,1,1,0,0,17.368,22.672,11.5,17.368,22.672,11.5,0,0,0,0,2,0,0,0,0,0,0,0,0,0,0,0
Tol1-1_Subset_3.tif,16.744,22.048,9.5,4,238,4,1,0.10816,1,1,11,0.73468,0.10816,1,2,1,0,2,0,0.432951541,0.73467886,0.215396,0.158246888,16.744,22.048,9.5,0.19455,161,39,19,11.86275921,16.744,22.048,9.5,4,1,3,0.10816,1,1,42.8279196,53.43731358,1,1,0,0,16.536,22.204,9.25,16.536,22.204,9.25,0,0,0,0,2,0,0,0,0,0,0,0,0,0,0,1
Tol1-1_Subset_4.tif,16.432,21.84,9.5,5,239,4,1,0.05949,1,1,16,0.416,0.05949,1,2,1,0,2,0,0.4267076,0.416,0.185704,0.077252864,16.432,21.84,9.5,0.09444,158,41,19,11.50120689,16.432,21.84,9.5,5,1,4,0.05949,1,1,36.34637813,50.78545292,1,1,0,0,16.432,21.632,9.5,16.432,21.632,9.5,0,0,0,0,2,0,0,0,0,0,0,0,0,0,0,0
Tol1-1_Subset_5.tif,13.312,6.552,9,8,237,2,1,0.03245,1,1,19,0.208,0.03245,1,2,1,0,2,0,0.445687796,0.208,0.13178,0.02741024,13.312,6.552,9,0.14334,128,188,18,8.753949509,13.312,6.552,9,8,1,5,0.03245,1,1,80.98871943,56.90344029,1,1,0,0,13.312,6.448,9,13.312,6.448,9,0,0,0,0,2,0,0,0,0,0,0,0,0,0,0,0
Tol1-1_Subset_8.tif,6.76,8.008,8.5,10,233,16,1,11.40006,2.5,0.4,319,44.1606,11.40006,13,33,38,1.909090909,12,0.523809524,0.573312149,2.350895284,0.288347647,0.677875124,6.76,8.008,8.5,0.2013,65,174,17,6.069944316,6.76,8.008,8.5,10,1,8,11.40006,2.5,0.4,47.8775151,56.56140361,0.071969697,5.047348485,0.086956522,0.059501263,7.124,5.304,6.25,6.474,7.141335,8.25,2.792543626,20,0,0,13,0,17,3,0,0,0,0,0,0,0,0
Tol1-1_Subset_6.tif,18.096,22.672,8,12,236,5,1,0.21632,1,1,25,0.90998,0.21632,1,2,1,0,2,0,0.550158051,0.909973267,0.327323333,0.297855483,18.096,22.672,8,0.11258,174,33,16,13.10693557,18.096,22.672,8,12,1,6,0.21632,1,1,183.2016399,53.08897348,1,1,0,0,18.1091,22.412,8.166665,18.1091,22.412,8.166665,0,0,0,0,2,0,0,0,0,0,0,0,0,0,0,1
Tol1-1_Subset_7.tif,21.84,21.944,8,14,235,2,1,0.05408,1,1,28,0.208,0.05408,1,2,1,0,2,0,0.575362739,0.208,0.147853333,0.030753493,21.84,21.944,8,0.18121,210,40,16,15.65126193,21.84,21.944,8,14,1,7,0.05408,1,1,38.18453823,53.19210639,1,1,0,0,21.84,21.84,8,21.84,21.84,8,0,0,0,0,2,0,0,0,0,0,0,0,0,0,0,0
Tol1-1_Subset_12.tif,7.8,12.376,8,16,234,14,1,0.50294,1,1,430,2.4305,0.50294,1,2,1,0,2,0,0.513292993,2.430493147,0.295137333,0.717329266,7.8,12.376,8,0.05953,75,132,16,1.614895662,7.8,12.376,8,16,1,12,0.50294,1,1,59.09536756,58.90125683,1,1,0,0,7.297165,11.804,7.62963,7.297165,11.804,7.62963,0,0,0,0,2,0,0,0,0,0,0,0,0,0,0,0
Tol1-1_Subset_13.tif,13.208,11.856,8,17,227,5,1,0.07571,1,1,436,0.78217,0.07571,1,2,1,0,2,0,0.351059803,0.782171096,0.168235,0.131588554,13.208,11.856,8,0.104,127,137,16,5.06525261,13.208,11.856,8,17,1,13,0.07571,1,1,50.26193362,55.36510271,1,1,0,0,13.132335,11.596,7.75,13.132335,11.596,7.75,0,0,0,0,2,0,0,0,0,0,0,0,0,0,0,0
Tol1-1_Subset_15.tif,12.168,5.096,8,21,231,3,1,0.05408,1,1,473,0.44123,0.05408,1,2,1,0,2,0,0.395039829,0.441234631,0.2144875,0.094639313,12.168,5.096,8,0.17156,117,202,16,9.381419082,12.168,5.096,8,21,1,15,0.05408,1,1,55.57749571,49.31276691,1,1,0,0,12.324,4.94,8,12.324,4.94,8,0,0,0,0,2,0,0,0,0,0,0,0,0,0,0,0
Tol1-1_Subset_9.tif,17.784,22.88,7.5,23,230,5,1,0.16765,1,1,337,0.57468,0.16765,1,2,1,0,2,0,0.60945802,0.574680667,0.223945,0.128696862,17.784,22.88,7.5,0.20917,171,31,15,13.01662936,17.784,22.88,7.5,23,1,9,0.16765,1,1,115.3540527,49.28869461,1,1,0,0,17.524,22.776,7.5,17.524,22.776,7.5,0,0,0,0,2,0,0,0,0,0,0,0,0,0,0,0
Tol1-1_Subset_16.tif,21.112,22.256,7.5,25,229,2,1,0.05408,1,1,476,0.23586,0.05408,1,2,1,0,2,0,0.540314041,0.235862461,0.219933333,0.051874017,21.112,22.256,7.5,0.25321,203,37,15,15.20144204,21.112,22.256,7.5,25,1,16,0.05408,1,1,49.69033912,55.03952644,1,1,0,0,21.164,22.152,7.5,21.164,22.152,7.5,0,0,0,0,2,0,0,0,0,0,0,0,0,0,0,0
Tol1-1_Subset_10.tif,12.2027,14.1093,7.3333,27,202,26,3,3.48275,2,0.5,377,9.38867,3.48275,4,6,5,1,6,1,0.687249089,4.343742039,0.379071852,1.646590339,12.20267,14.10933,7.33333,0.42799,117,115,15,3.698160498,12.2027,14.1093,7.3333,27,3,10,3.48275,2,0.5,63.69639833,55.14430306,0.333333333,1.933333333,0,0.311111111,12.168,14.404,6.69136,11.561335,15.218665,6.49383,1.034765474,2,0,0,4,0,2,0,0,0,0,0,0,0,0,0
Tol1-1_Subset_11.tif,8.528,13.728,7.5,29,247,9,1,0.60029,1,1,415,1.21573,0.60029,1,2,1,0,2,0,0.792897497,1.215725454,0.301302,0.366300511,8.528,13.728,7.5,0.04827,82,119,15,0,8.528,13.728,7.5,29,1,11,0.60029,1,1,45.50040689,52.10113126,1,1,0,0,8.216,13.26,7.483795,8.216,13.26,7.483795,0,0,0,0,2,0,0,0,0,0,0,0,0,0,0,0
Tol1-1_Subset_17.tif,9.88,13.624,7.5,30,216,4,1,0.11898,1,1,481,0.70398,0.11898,1,2,1,0,2,0,0.463886657,0.703983059,0.271994,0.191479168,9.88,13.624,7.5,0.19594,95,120,15,1.3559941,9.88,13.624,7.5,30,1,17,0.11898,1,1,56.81267008,47.15594039,1,1,0,0,9.828,13.832,7.25,9.828,13.832,7.25,0,0,0,0,2,0,0,0,0,0,0,0,0,0,0,0
Tol1-1_Subset_18.tif,6.344,11.752,7.5,33,215,14,1,0.41642,1,1,496,1.86863,0.41642,1,2,1,0,2,0,0.532671169,1.868632133,0.245086667,0.457976821,6.344,11.752,7.5,0.08518,61,138,15,2.94523887,6.344,11.752,7.5,33,1,18,0.41642,1,1,55.75415036,57.38132039,1,1,0,0,6.76,12.48,7.25,6.76,12.48,7.25,0,0,0,0,2,0,0,0,0,0,0,0,0,0,0,0
Tol1-1_Subset_14.tif,6.136,11.44,7.5,34,226,2,1,1.33578,2,0.5,444,4.36321,1.33578,3,4,3,0.75,3,1.333333333,0.62433757,0.368604463,0.22447,0.082740644,6.136,11.44,7.5,0.12728,59,141,15,3.310076736,6.136,11.44,7.5,34,1,14,1.33578,2,0.5,66.40308851,62.01423333,0.5,1.5,0,0.5,5.044,10.192,7,6.014665,11.301335,7.5,1.55653933,2,1,0,3,0,1,0,0,0,0,0,0,0,0,0
Tol1-1_Subset_19.tif,5.928,10.4,7.5,38,224,11,1,0.16224,1,1,508,1.33115,0.16224,1,2,1,0,2,0,0.393931337,1.331151088,0.15709,0.209110524,5.928,10.4,7.5,0.14754,57,151,15,4.223219625,5.928,10.4,7.5,38,1,19,0.16224,1,1,37.11092747,49.70915115,1,1,0,0,5.616,9.828,7.5,5.616,9.828,7.5,0,0,0,0,2,0,0,0,0,0,0,0,0,0,0,0
Tol1-1_Subset_20.tif,13.416,10.088,7.5,39,214,4,1,0.0649,1,1,513,0.7239,0.0649,1,2,1,0,2,0,0.337861044,0.723904685,0.160882,0.116463233,13.416,10.088,7.5,0.104,129,154,15,6.094435495,13.416,10.088,7.5,39,1,20,0.0649,1,1,57.51393088,56.82831416,1,1,0,0,13.312,9.88,7.25,13.312,9.88,7.25,0,0,0,0,2,0,0,0,0,0,0,0,0,0,0,0
Tol1-1_Subset_21.tif,9.152,14.04,7,49,201,8,1,0.34611,1,1,522,1.27896,0.34611,1,2,1,0,2,0,0.586993986,1.278963839,0.235757778,0.301525673,9.152,14.04,7,0.08516,88,116,14,0.858323948,9.152,14.04,7,49,1,21,0.34611,1,1,51.00667974,62.44733802,1,1,0,0,9.568,14.404,6.75,9.568,14.404,6.75,0,0,0,0,2,0,0,0,0,0,0,0,0,0,0,0
Tol1-1_Subset_25.tif,13,9.152,7,52,212,19,1,0.23254,1,1,1316,2.16125,0.23254,1,2,1,0,2,0,0.370127531,2.161242895,0.1517405,0.327948077,13,9.152,7,0.08492,125,163,14,6.417831409,13,9.152,7,52,1,25,0.23254,1,1,123.5310711,60.27353912,1,1,0,0,12.584,8.164,7,12.584,8.164,7,0,0,0,0,2,0,0,0,0,0,0,0,0,0,0,0
Tol1-1_Subset_22.tif,9.776,15.704,6.5,63,199,18,1,0.73008,1,1,541,2.5228,0.73008,1,2,1,0,2,0,0.607014232,2.522793889,0.258082105,0.651087958,9.776,15.704,6.5,0.26261,94,100,13,2.542062155,9.776,15.704,6.5,63,1,22,0.73008,1,1,98.28363891,52.37657101,1,1,0,0,8.944,14.768,6.5,8.944,14.768,6.5,0,0,0,0,2,0,0,0,0,0,0,0,0,0,0,0
Tol1-1_Subset_23.tif,7.696,14.248,6.5,65,200,6,1,25.51494,2,0.5,1079,101.95522,25.51494,31,67,77,1.835820896,12,0.544715447,0.564478756,0.676788282,0.283958571,0.192179834,7.696,14.248,6.5,0.03494,74,114,13,1.400936829,7.696,14.248,6.5,65,1,23,25.51494,2,0.5,49.13525886,47.34355016,0.034825871,7.385798281,0.083333333,0.03120006,10.816,17.42,4,7.436,14.092,6.5,5.361901155,73,0,0,31,0,28,3,3,2,0,0,0,0,0,0
Tol1-1_Subset_26.tif,9.88,16.224,6,77,180,8,1,0.32448,1,1,1325,1.26621,0.32448,1,2,1,0,2,0,0.571210466,1.266207828,0.282315556,0.357470166,9.88,16.224,6,0.19155,95,95,12,3.21059496,9.88,16.224,6,77,1,26,0.32448,1,1,51.22749907,64.25372694,1,1,0,0,10.296,16.536,5.75,10.296,16.536,5.75,0,0,0,0,2,0,0,0,0,0,0,0,0,0,0,0
Tol1-1_Subset_27.tif,8.528,15.08,6,78,179,8,1,0.5408,1,1,1334,1.23799,0.5408,1,2,1,0,2,0,0.745787041,1.237992611,0.351512222,0.435169534,8.528,15.08,6,0.30407,82,106,12,2.019382084,8.528,15.08,6,78,1,27,0.5408,1,1,57.82122573,58.68397616,1,1,0,0,8.84,15.496,5.75,8.84,15.496,5.75,0,0,0,0,2,0,0,0,0,0,0,0,0,0,0,0
Tol1-1_Subset_24.tif,4.368,11.544,6,79,178,2,1,10.60509,3,0.333333333,1256,32.27091,10.60509,7,14,15,1.642857143,5,0.608695652,0.646854543,0.805872895,0.24617,0.198381731,4.368,11.544,6,0.10293,42,140,12,4.932084346,4.368,11.544,6,79,1,24,10.60509,3,0.333333333,71.80649293,57.77474297,0.164835165,3.263736264,0,0.124542125,3.016,11.18,4.453705,4.28711,11.388,5.63889,1.750328002,3,0,0,7,0,6,0,1,0,0,0,0,0,0,0
Tol1-1_Subset_29.tif,4.888,12.376,5.5,90,168,5,1,0.35152,1,1,1357,0.80033,0.35152,1,2,1,0,2,0,0.74781734,0.800335656,0.372318333,0.297979637,4.888,12.376,5.5,0.17866,47,132,11,4.367780214,4.888,12.376,5.5,90,1,29,0.35152,1,1,52.9826526,61.29438871,1,1,0,0,5.044,12.636,5.25,5.044,12.636,5.25,0,0,0,0,2,0,0,0,0,0,0,0,0,0,0,0
Tol1-1_Subset_28.tif,10.192,3.848,5.5,92,166,16,1,1.04915,1,1,1351,2.53912,1.04915,1,2,1,0,2,0,0.725324319,2.539121043,0.401674118,1.019899204,10.192,3.848,5.5,0.39599,98,214,11,10.21681438,10.192,3.848,5.5,92,1,28,1.04915,1,1,51.25428889,60.92463939,1,1,0,0,10.70794,3.68804,5.49074,10.70794,3.68804,5.49074,0,0,0,0,2,0,0,0,0,0,0,0,0,0,0,0
Tol1-1_Subset_30.tif,14.352,15.08,4.5,113,140,6,3,15.06669,3,0.333333333,1394,49.97464,15.06669,16,33,36,1.696969697,6,0.589285714,0.619568242,1.009422334,0.3571,0.360464715,14.352,15.08,4.5,0.29668,138,106,9,6.689310876,14.352,15.08,4.5,113,3,30,15.06669,3,0.333333333,44.17719957,164.3905223,0.068181818,5.102272727,0.096774194,0.062184343,14.976,12.324,3.416665,14.56,14.768,4.25,2.61546157,15,0,0,16,0,14,2,0,1,0,0,0,0,0,0
Tol1-1_Subset_32.tif,16.952,19.552,4,118,76,5,1,1.71434,2.5,0.4,1692,7.02995,1.71434,3,5,5,1.4,4,0.714285714,0.55722093,1.884068274,0.319955,0.602817065,16.952,19.552,4,0.40067,163,63,8,10.82278855,16.952,19.552,4,118,1,32,1.71434,2.5,0.4,81.10282601,50.99058871,0.5,1.8,0,0.316666667,17.658605,20.8,3,16.99994,19.794665,3.13889,1.209887795,3,0,0,3,0,1,1,0,0,0,0,0,0,0,0
Tol1-1_Subset_33.tif,17.68,16.848,4,125,148,7,1,0.7409,1,1,1730,0.84589,0.7409,1,2,1,0,2,0,1.056034025,0.845894246,0.43586375,0.368694638,17.68,16.848,4,0.33324,170,89,8,10.28316605,17.68,16.848,4,125,1,33,0.7409,1,1,42.78472892,59.42271903,1,1,0,0,17.472,16.484,4,17.472,16.484,4,0,0,0,0,2,0,0,0,0,0,0,0,0,0,0,0
Tol1-1_Subset_35.tif,17.472,14.976,4,136,142,2,1,0.03245,1,1,1941,0.208,0.03245,1,2,1,0,2,0,0.445687796,0.208,0.159263333,0.033126773,17.472,14.976,4,0.13208,168,107,8,9.685176302,17.472,14.976,4,136,1,35,0.03245,1,1,53.75915179,391.687815,1,1,0,0,17.472,14.872,4,17.472,14.872,4,0,0,0,0,2,0,0,0,0,0,0,0,0,0,0,0
Tol1-1_Subset_31.tif,5.304,3.848,4,143,121,4,1,0.52458,1,1,1686,0.68399,0.52458,1,2,1,0,2,0,0.988179972,0.683992344,0.449664,0.307566733,5.304,3.848,4,0.39531,51,214,8,10.96624712,5.304,3.848,4,143,1,31,0.52458,1,1,63.54194009,51.69302822,1,1,0,0,5.148,4.004,3.75,5.148,4.004,3.75,0,0,0,0,2,0,0,0,0,0,0,0,0,0,0,0
Tol1-1_Subset_34.tif,7.384,17.784,3.5,150,104,2,1,9.40451,2,0.5,1915,31.77881,9.40451,11,23,24,1.608695652,4,0.621621622,0.613838792,0.880536448,0.30336,0.267119537,7.384,17.784,3.5,0.28957,71,80,7,5.810324604,7.384,17.784,3.5,150,1,34,9.40451,2,0.5,49.07540186,122.8831628,0.09486166,4.245059289,0.085714286,0.073781291,5.564,18.356,2.5,7.314665,17.905335,3.083335,1.899527996,7,0,0,11,0,11,1,0,0,0,0,0,0,0,0
Tol1-1_Subset_36.tif,6.656,0.728,3.5,167,40,23,1,1.29251,1,1,1965,2.91852,1.29251,1,2,1,0,2,0,0.750914825,2.918515488,0.373024167,1.088676808,6.656,0.728,3.5,0.26548,64,244,7,13.72968987,6.656,0.728,3.5,167,1,36,1.29251,1,1,65.13737381,81.43598704,1,1,0,0,6.136,1.872,3,6.136,1.872,3,0,0,0,0,2,0,0,0,0,0,0,0,0,0,0,0
Tol1-1_Subset_38.tif,9.776,19.552,3,177,33,14,1,0.88691,1,1,2021,1.9976,0.88691,1,2,1,0,2,0,0.751866215,1.997601404,0.385742,0.770558761,9.776,19.552,3,0.39016,94,63,6,7.46501708,9.776,19.552,3,177,1,38,0.88691,1,1,120.1847419,48.93021782,1,1,0,0,10.088,20.28,2.5,10.088,20.28,2.5,0,0,0,0,2,0,0,0,0,0,0,0,0,0,0,0
Tol1-1_Subset_39.tif,16.016,16.848,3,188,64,7,1,0.44346,1,1,2029,1.03655,0.44346,1,2,1,0,2,0,0.738052333,1.036548897,0.34827375,0.361002771,16.016,16.848,3,0.09462,154,89,6,9.276558845,16.016,16.848,3,188,1,39,0.44346,1,1,154.5693905,49.01887901,1,1,0,0,16.12,17.212,2.75,16.12,17.212,2.75,0,0,0,0,2,0,0,0,0,0,0,0,0,0,0,0
Tol1-1_Subset_40.tif,3.536,8.424,3,199,84,2,1,0.09194,1,1,2032,0.23586,0.09194,1,2,1,0,2,0,0.704498645,0.235862461,0.183976667,0.043393189,3.536,8.424,3,0.16394,34,170,6,8.56168675,3.536,8.424,3,199,1,40,0.09194,1,1,51.52651253,60.60027869,1,1,0,0,3.588,8.32,3,3.588,8.32,3,0,0,0,0,2,0,0,0,0,0,0,0,0,0,0,0
Tol1-1_Subset_43.tif,8.216,22.984,2.5,202,83,5,1,0.37315,1,1,2061,0.52,0.37315,1,2,1,0,2,0,0.95586181,0.52,0.33174,0.1725048,8.216,22.984,2.5,0.34959,79,30,5,10.52477458,8.216,22.984,2.5,202,1,43,0.37315,1,1,65.8573582,50.07434412,1,1,0,0,7.956,22.984,2.5,7.956,22.984,2.5,0,0,0,0,2,0,0,0,0,0,0,0,0,0,0,0
Tol1-1_Subset_37.tif,21.32,22.776,2.5,204,82,12,1,2.41197,2,0.5,1978,5.03915,2.41197,3,4,3,0.75,3,1.333333333,0.780660791,1.701925225,0.419161538,0.713381596,21.32,22.776,2.5,0.31478,205,32,5,16.44693187,21.32,22.776,2.5,204,1,37,2.41197,2,0.5,51.73341237,48.95084914,0.5,1.5,0,0.5,20.124,21.632,2.435185,20.696,22.412,2.324075,0.973616676,2,0,0,3,0,1,0,0,0,0,0,0,0,0,0
Tol1-1_Subset_46.tif,4.368,8.32,2.5,231,42,2,1,0.23795,1,1,2073,0.208,0.23795,1,2,1,0,2,0,1.206885992,0.208,0.40824,0.08491392,4.368,8.32,2.5,0.3354,42,171,5,8.458845311,4.368,8.32,2.5,231,1,46,0.23795,1,1,56.97387287,43.44862101,1,1,0,0,4.368,8.216,2.5,4.368,8.216,2.5,0,0,0,0,2,0,0,0,0,0,0,0,0,0,0,0
Tol1-1_Subset_41.tif,11.44,8.216,2.5,232,41,10,1,0.37315,1,1,2043,1.59337,0.37315,1,2,1,0,2,0,0.54605761,1.593369506,0.301678182,0.480684815,11.44,8.216,2.5,0.11503,110,172,5,7.991363338,11.44,8.216,2.5,232,1,41,0.37315,1,1,46.76367574,125.0045214,1,1,0,0,11.151565,7.748,2.73148,11.151565,7.748,2.73148,0,0,0,0,2,0,0,0,0,0,0,0,0,0,0,0
Tol1-1_Subset_47.tif,8.736,7.072,2.5,235,0,2,1,0.2055,1,1,2076,1.02761,0.2055,1,2,1,0,2,0,0.504599495,1.027611664,0.236803333,0.243341868,8.736,7.072,2.5,0.25729,84,183,5,8.327400555,8.736,7.072,2.5,235,1,47,0.2055,1,1,50.35612065,55.86425943,1,1,0,0,8.684,6.968,2,8.684,6.968,2,0,0,0,0,2,0,0,0,0,0,0,0,0,0,0,0
Tol1-1_Subset_42.tif,9.568,23.608,2,237,39,11,1,0.76794,1,1,2055,1.33302,0.76794,1,2,1,0,2,0,0.856446761,1.333013143,0.308349167,0.411033492,9.568,23.608,2,0.40393,92,24,4,11.35543923,9.568,23.608,2,237,1,42,0.76794,1,1,74.65963551,57.39530622,1,1,0,0,9.256,23.036,2,9.256,23.036,2,0,0,0,0,2,0,0,0,0,0,0,0,0,0,0,0
Tol1-1_Subset_44.tif,15.392,21.944,2,240,37,5,1,0.25958,1,1,2067,0.67658,0.25958,1,2,1,0,2,0,0.698925837,0.676579374,0.246636667,0.166869282,15.392,21.944,2,0.12567,148,40,4,12.0360771,15.392,21.944,2,240,1,44,0.25958,1,1,49.24053776,57.57032671,1,1,0,0,15.184,21.684,2,15.184,21.684,2,0,0,0,0,2,0,0,0,0,0,0,0,0,0,0,0
Tol1-1_Subset_45.tif,15.6,17.992,2,252,21,2,1,0.29744,1,1,2070,0.208,0.29744,1,2,1,0,2,0,1.34934523,0.208,0.352016667,0.073219467,15.6,17.992,2,0.34964,150,78,4,9.921939327,15.6,17.992,2,252,1,45,0.29744,1,1,56.67400699,59.01338236,1,1,0,0,15.6,17.888,2,15.6,17.888,2,0,0,0,0,2,0,0,0,0,0,0,0,0,0,0,0
Tol1-1_Subset_49.tif,6.968,14.56,2,255,15,3,1,0.16224,1,1,2088,0.44123,0.16224,1,2,1,0,2,0,0.684229054,0.441234631,0.209525,0.092449686,6.968,14.56,2,0.13586,67,111,4,5.77718132,6.968,14.56,2,255,1,49,0.16224,1,1,56.60296579,53.35846427,1,1,0,0,6.812,14.404,2,6.812,14.404,2,0,0,0,0,2,0,0,0,0,0,0,0,0,0,0,0
Tol1-1_Subset_50.tif,0.624,12.272,2,259,13,3,1,0.21091,1,1,2092,0.38243,0.21091,1,2,1,0,2,0,0.837968452,0.382425656,0.2972075,0.113659773,0.624,12.272,2,0.33055,6,133,4,9.738744888,0.624,12.272,2,259,1,50,0.21091,1,1,62.77966371,54.76580434,1,1,0,0,0.728,12.116,2,0.728,12.116,2,0,0,0,0,2,0,0,0,0,0,0,0,0,0,0,0
Tol1-1_Subset_51.tif,11.544,4.264,2,265,5,3,1,0.14061,1,1,2096,0.33882,0.14061,1,2,1,0,2,0,0.726906654,0.338814865,0.23908,0.081003858,11.544,4.264,2,0.2004,111,210,4,11.35401039,11.544,4.264,2,265,1,51,0.14061,1,1,61.47014901,88.47559039,1,1,0,0,11.596,4.108,2,11.596,4.108,2,0,0,0,0,2,0,0,0,0,0,0,0,0,0,0,0
Tol1-1_Subset_48.tif,11.96,22.568,1.5,267,4,7,1,0.18928,1,1,2084,1.10248,0.18928,1,2,1,0,2,0,0.467543543,1.102478692,0.30706875,0.338536754,11.96,22.568,1.5,0.192,115,34,3,11.22159632,11.96,22.568,1.5,267,1,48,0.18928,1,1,50.50333248,55.92742927,1,1,0,0,11.596,22.256,1.61111,11.596,22.256,1.61111,0,0,0,0,2,0,0,0,0,0,0,0,0,0,0,0
Tol1-3_Subset_1.tif,1.768,17.68,13,1,512,12,1,0.39478,1,1,20,1.50791,0.39478,1,2,1,0,2,0,0.577357644,1.507903623,0.224434615,0.33842577,1.768,17.68,13,0.17399,17,114,26,9.980814396,1.768,17.68,13,1,1,1,0.39478,1,1,65.78602543,56.0914788,1,1,0,0,1.835135,18.304,12.75,1.835135,18.304,12.75,0,0,0,0,2,0,0,0,0,0,0,0,0,0,0,1
Tol1-3_Subset_2.tif,1.664,20.696,11.5,3,510,7,1,0.17306,1,1,28,1.00968,0.17306,1,2,1,0,2,0,0.467155571,1.009683558,0.26710875,0.269695313,1.664,20.696,11.5,0.15599,16,85,23,8.942282483,1.664,20.696,11.5,3,1,2,0.17306,1,1,45.286222,46.59583061,1,1,0,0,1.56,21.06,11.25,1.56,21.06,11.25,0,0,0,0,2,0,0,0,0,0,0,0,0,0,0,1
Tol1-3_Subset_3.tif,1.768,17.264,11.5,4,511,3,1,0.04326,1,1,32,0.312,0.04326,1,2,1,0,2,0,0.42016611,0.312,0.17747,0.05537064,1.768,17.264,11.5,0.17952,17,118,23,8.60071811,1.768,17.264,11.5,4,1,3,0.04326,1,1,42.8279196,68.78873439,1,1,0,0,1.768,17.108,11.5,1.768,17.108,11.5,0,0,0,0,2,0,0,0,0,0,0,0,0,0,0,1
Tol1-3_Subset_4.tif,2.184,17.784,10.5,7,502,5,3,1.2871,2,0.5,42,7.09586,1.2871,4,6,5,1,6,1,0.480572245,1.173234432,0.27463,0.322205372,2.184,17.784,10.5,0.23519,21,113,21,7.478840552,2.184,17.784,10.5,7,3,4,1.2871,2,0.5,36.34637813,47.93527863,0.333333333,1.933333333,0,0.311111111,2.184,18.080665,9,1.924,17.94,10,1.042778328,2,0,0,4,0,2,0,0,0,0,0,0,0,0,1
Tol1-3_Subset_5.tif,1.664,20.592,10,9,503,3,1,0.21091,1,1,70,0.60991,0.21091,1,2,1,0,2,0,0.663545592,0.609910935,0.3804975,0.232069586,1.664,20.592,10,0.19722,16,86,20,7.59645075,1.664,20.592,10,9,1,5,0.21091,1,1,80.98871943,51.64505746,1,1,0,0,1.612,20.436,9.75,1.612,20.436,9.75,0,0,0,0,2,0,0,0,0,0,0,0,0,0,0,1
Tol1-3_Subset_6.tif,11.128,12.896,10,11,507,8,1,0.16765,1,1,79,0.98213,0.16765,1,2,1,0,2,0,0.466200086,0.982126161,0.198673333,0.195122278,11.128,12.896,10,0.20948,107,160,20,10.51802035,11.128,12.896,10,11,1,6,0.16765,1,1,183.2016399,61.71255166,1,1,0,0,11.44,12.532,10,11.44,12.532,10,0,0,0,0,2,0,0,0,0,0,0,0,0,0,0,0
Tol1-3_Subset_7.tif,13.832,12.168,10,12,506,3,1,0.08653,1,1,83,0.44123,0.08653,1,2,1,0,2,0,0.499696025,0.441234631,0.1896625,0.083685663,13.832,12.168,10,0.06275,133,167,20,12.66891187,13.832,12.168,10,12,1,7,0.08653,1,1,38.18453823,43.04304224,1,1,0,0,13.988,12.012,10,13.988,12.012,10,0,0,0,0,2,0,0,0,0,0,0,0,0,0,0,0
Tol1-3_Subset_8.tif,12.064,11.648,10,15,505,3,1,0.03786,1,1,87,0.33882,0.03786,1,2,1,0,2,0,0.377190586,0.338814865,0.1446775,0.049018888,12.064,11.648,10,0.13211,116,172,20,11.75487575,12.064,11.648,10,15,1,8,0.03786,1,1,47.8775151,45.41436285,1,1,0,0,12.116,11.492,10,12.116,11.492,10,0,0,0,0,2,0,0,0,0,0,0,0,0,0,0,0
Tol1-3_Subset_9.tif,10.92,9.984,10,17,495,10,1,0.25958,1,1,98,1.53266,0.25958,1,2,1,0,2,0,0.464373857,1.532659026,0.270977273,0.415315763,10.92,9.984,10,0.19847,105,188,20,12.14096998,10.92,9.984,10,17,1,9,0.25958,1,1,115.3540527,35.06526968,1,1,0,0,10.586265,10.241865,9.5,10.586265,10.241865,9.5,0,0,0,0,2,0,0,0,0,0,0,0,0,0,0,0
Tol1-3_Subset_10.tif,15.288,8.632,10,18,504,2,1,0.05408,1,1,101,0.23877,0.05408,1,2,1,0,2,0,0.53701142,0.238772131,0.137583333,0.032851066,15.288,8.632,10,0.16654,147,201,20,15.62468048,15.288,8.632,10,18,1,10,0.05408,1,1,63.69639833,59.12104208,1,1,0,0,15.34,8.528,9.99074,15.34,8.528,9.99074,0,0,0,0,2,0,0,0,0,0,0,0,0,0,0,0
Tol1-3_Subset_15.tif,9.672,11.544,9.5,22,496,3,1,0.09194,1,1,176,0.58936,0.09194,1,2,1,0,2,0,0.445673674,0.589358974,0.2670725,0.157401575,9.672,11.544,9.5,0.16566,93,173,19,10.20758933,9.672,11.544,9.5,22,1,15,0.09194,1,1,55.57749571,43.41841672,1,1,0,0,9.516,11.544,9.25,9.516,11.544,9.25,0,0,0,0,2,0,0,0,0,0,0,0,0,0,0,0
Tol1-3_Subset_11.tif,15.808,7.8,9.5,23,501,3,1,0.08112,1,1,105,0.37026,0.08112,1,2,1,0,2,0,0.528160152,0.37026514,0.2077175,0.076910549,15.808,7.8,9.5,0.12475,152,209,19,16.29995632,15.808,7.8,9.5,23,1,11,0.08112,1,1,45.50040689,40.60928368,1,1,0,0,15.652,7.726265,9.5,15.652,7.726265,9.5,0,0,0,0,2,0,0,0,0,0,0,0,0,0,0,0
Tol1-3_Subset_18.tif,10.608,5.616,9.5,25,500,3,1,0.05949,1,1,216,0.33882,0.05949,1,2,1,0,2,0,0.472816392,0.338814865,0.10582,0.035853389,10.608,5.616,9.5,0.05238,102,230,19,15.10880644,10.608,5.616,9.5,25,1,18,0.05949,1,1,55.75415036,47.83126589,1,1,0,0,10.556,5.46,9.5,10.556,5.46,9.5,0,0,0,0,2,0,0,0,0,0,0,0,0,0,0,0
Tol1-3_Subset_19.tif,11.336,5.096,9.5,27,499,5,1,0.17846,1,1,222,0.57468,0.17846,1,2,1,0,2,0,0.628799897,0.574677326,0.214448333,0.123238595,11.336,5.096,9.5,0.10403,109,235,19,15.83172511,11.336,5.096,9.5,27,1,19,0.17846,1,1,37.11092747,41.96144205,1,1,0,0,11.44,4.836,9.5,11.44,4.836,9.5,0,0,0,0,2,0,0,0,0,0,0,0,0,0,0,0
Tol1-3_Subset_12.tif,10.712,3.12,9.5,29,463,48,1,2.31462,1,1,154,6.82448,2.31462,1,2,1,0,2,0,0.657143365,6.824481827,0.335913469,2.292435367,10.712,3.12,9.5,0.20952,103,254,19,17.27852957,10.712,3.12,9.5,29,1,12,2.31462,1,1,59.09536756,47.88437731,1,1,0,0,8.99397,4.68,8.5,8.99397,4.68,8.5,0,0,0,0,2,0,0,0,0,0,0,0,0,0,0,0
Tol1-3_Subset_13.tif,12.168,2.808,9.5,30,498,13,1,0.37315,1,1,168,1.8953,0.37315,1,2,1,0,2,0,0.500677184,1.895294535,0.25953,0.491885791,12.168,2.808,9.5,0.21626,117,257,19,18.09522368,12.168,2.808,9.5,30,1,13,0.37315,1,1,50.26193362,42.44303073,1,1,0,0,12.636,2.184,9.61111,12.636,2.184,9.61111,0,0,0,0,2,0,0,0,0,0,0,0,0,0,0,0
Tol1-3_Subset_20.tif,9.776,17.056,9,32,478,9,1,0.78416,2,0.5,252,4.41114,0.78416,3,4,3,0.75,3,1.333333333,0.475753488,1.615309077,0.264936,0.427953526,9.776,17.056,9,0.05586,94,120,18,7.515237854,9.776,17.056,9,32,1,20,0.78416,2,0.5,57.51393088,45.06016652,0.5,1.5,0,0.5,9.18054,17.576,8.38889,9.412,17.472,8.5,0.277011126,0,0,0,3,0,1,0,0,0,0,0,0,0,0,0
Tol1-3_Subset_14.tif,9.88,16.744,9,33,497,3,1,0.05949,1,1,172,0.33059,0.05949,1,2,1,0,2,0,0.478665567,0.330596058,0.1415525,0.046796699,9.88,16.744,9,0.11553,95,123,18,7.63800707,9.88,16.744,9,33,1,14,0.05949,1,1,66.40308851,62.87412223,1,1,0,0,9.932,16.588,9,9.932,16.588,9,0,0,0,0,2,0,0,0,0,0,0,0,0,0,0,0
Tol1-3_Subset_21.tif,17.992,12.064,9,36,420,16,1,4.92128,2.5,0.4,302,21.72874,4.92128,4,9,10,1.777777778,4,0.5625,0.53700314,3.619418838,0.330304118,1.195508946,17.992,12.064,9,0.21281,173,168,18,15.56765108,17.992,12.064,9,36,1,21,4.92128,2.5,0.4,51.00667974,47.83699096,0.277777778,2.194444444,0.166666667,0.25462963,16.692,14.196,6.76852,17.81887,12.878665,7.666665,1.952401583,7,0,0,4,0,4,1,0,0,0,0,0,0,0,0
Tol1-3_Subset_16.tif,10.504,9.88,9,39,494,5,1,0.52458,2,0.5,199,3.23167,0.52458,2,4,4,1.5,6,0.666666667,0.45461883,0.572815272,0.269921667,0.154615253,10.504,9.88,9,0.15165,101,189,18,11.4974258,10.504,9.88,9,39,1,16,0.52458,2,0.5,49.69033912,50.48283245,0.666666667,1.666666667,0,0.25,10.746735,9.204,8.916665,10.608,9.62,9,0.446372179,2,0,0,2,0,2,0,0,0,0,0,0,0,0,0
Tol1-3_Subset_23.tif,18.2,8.528,9,41,493,5,1,0.07571,1,1,364,0.57468,0.07571,1,2,1,0,2,0,0.409561044,0.574680667,0.13871,0.079713955,18.2,8.528,9,0.13647,175,202,18,17.42947618,18.2,8.528,9,41,1,23,0.07571,1,1,49.13525886,55.28708162,1,1,0,0,18.304,8.268,9,18.304,8.268,9,0,0,0,0,2,0,0,0,0,0,0,0,0,0,0,0
Tol1-3_Subset_17.tif,13.208,5.928,9,43,492,3,1,0.51917,2,0.5,212,1.35316,0.51917,3,4,3,0.75,3,1.333333333,0.698932569,0.441234631,0.330965,0.14603322,13.208,5.928,9,0.34586,127,227,18,15.86870379,13.208,5.928,9,43,1,17,0.51917,2,0.5,56.81267008,48.13932401,0.5,1.5,0,0.5,13.52,5.564,9,13.364,5.772,9,0.26,2,0,0,3,0,1,0,0,0,0,0,0,0,0,0
Tol1-3_Subset_24.tif,14.664,5.304,9,45,480,7,1,0.2704,1,1,372,1.07353,0.2704,1,2,1,0,2,0,0.566306192,1.073523515,0.2810475,0.3017111,14.664,5.304,9,0.19594,141,233,18,17.15142023,14.664,5.304,9,45,1,24,0.2704,1,1,71.80649293,37.2023604,1,1,0,0,15.028,5.044,8.75,15.028,5.044,8.75,0,0,0,0,2,0,0,0,0,0,0,0,0,0,0,0
Tol1-3_Subset_25.tif,1.04,23.192,8.5,48,489,3,1,0.10816,1,1,376,0.312,0.10816,1,2,1,0,2,0,0.664371665,0.312,0.157885,0.04926012,1.04,23.192,8.5,0.15899,10,61,17,7.996099049,1.04,23.192,8.5,48,1,25,0.10816,1,1,123.5310711,38.40623242,1,1,0,0,1.04,23.036,8.5,1.04,23.036,8.5,0,0,0,0,2,0,0,0,0,0,0,0,0,0,0,1
Tol1-3_Subset_26.tif,9.568,17.992,8.5,51,479,3,1,0.08112,1,1,380,0.60991,0.08112,1,2,1,0,2,0,0.411515458,0.609910935,0.2293575,0.139887647,9.568,17.992,8.5,0.12208,92,111,17,6.923143795,9.568,17.992,8.5,51,1,26,0.08112,1,1,51.22749907,47.27824715,1,1,0,0,9.516,18.148,8.25,9.516,18.148,8.25,0,0,0,0,2,0,0,0,0,0,0,0,0,0,0,0
Tol1-3_Subset_29.tif,7.8,17.472,8.5,52,487,3,1,0.12979,1,1,2931,0.44123,0.12979,1,2,1,0,2,0,0.611988356,0.441234631,0.2052,0.090541346,7.8,17.472,8.5,0.1619,75,116,17,5.884406512,7.8,17.472,8.5,52,1,29,0.12979,1,1,52.9826526,41.79411693,1,1,0,0,7.956,17.316,8.5,7.956,17.316,8.5,0,0,0,0,2,0,0,0,0,0,0,0,0,0,0,1
Tol1-3_Subset_28.tif,7.904,11.96,8.5,54,449,19,1,91.80621,2,0.5,2872,423.56653,91.80621,110,262,302,1.885496183,25,0.530364372,0.525327664,2.867563374,0.278141,0.797586944,7.904,11.96,8.5,0.18456,76,169,17,8.583239482,7.904,11.96,8.5,54,1,28,91.80621,2,0.5,51.25428889,49.03681464,0.008832734,25.85499108,0.066532258,0.007316984,11.9599,14.508,5,6.916,12.428,7.75,6.109814008,7,0,0,110,0,119,28,5,0,0,0,0,0,0,0
Tol1-3_Subset_22.tif,6.656,8.84,8.5,55,483,4,1,0.35152,1,1,358,0.48537,0.35152,1,2,1,0,2,0,0.96027056,0.485370486,0.328816,0.159597582,6.656,8.84,8.5,0.28513,64,199,17,10.77561989,6.656,8.84,8.5,55,1,22,0.35152,1,1,98.28363891,48.06210943,1,1,0,0,6.76,8.632,8.5,6.76,8.632,8.5,0,0,0,0,2,0,0,0,0,0,0,0,0,0,0,0
Tol1-3_Subset_32.tif,11.128,8.008,8.5,59,482,3,1,0.03786,1,1,3063,0.312,0.03786,1,2,1,0,2,0,0.393068342,0.312,0.1712525,0.05343078,11.128,8.008,8.5,0.18477,107,207,17,13.0047376,11.128,8.008,8.5,59,1,32,0.03786,1,1,81.10282601,46.37018086,1,1,0,0,11.128,7.852,8.5,11.128,7.852,8.5,0,0,0,0,2,0,0,0,0,0,0,0,0,0,0,0
Tol1-3_Subset_33.tif,11.44,6.864,8.5,62,481,3,1,0.11357,1,1,3067,0.312,0.11357,1,2,1,0,2,0,0.680784368,0.312,0.186025,0.0580398,11.44,6.864,8.5,0.08701,110,218,17,14.0643959,11.44,6.864,8.5,62,1,33,0.11357,1,1,42.78472892,44.53713195,1,1,0,0,11.44,6.708,8.5,11.44,6.708,8.5,0,0,0,0,2,0,0,0,0,0,0,0,0,0,0,0
Tol1-3_Subset_34.tif,8.424,18.824,8,67,472,10,1,0.56784,1,1,3078,2.13494,0.56784,1,2,1,0,2,0,0.581935985,2.134939693,0.322754545,0.68906149,8.424,18.824,8,0.19456,81,103,16,5.821423881,8.424,18.824,8,67,1,34,0.56784,1,1,49.07540186,47.23423524,1,1,0,0,8.32,18.304,7.453705,8.32,18.304,7.453705,0,0,0,0,2,0,0,0,0,0,0,0,0,0,0,1
Tol1-3_Subset_27.tif,10.608,17.784,8,71,427,8,1,9.56134,2,0.5,487,43.19275,9.56134,14,28,29,1.571428571,8,0.636363636,0.530895461,1.857675499,0.352033333,0.653963698,10.608,17.784,8,0.3834,102,113,16,7.371704823,10.608,17.784,8,71,1,27,9.56134,2,0.5,57.82122573,43.52409601,0.076719577,4.714285714,0,0.069664903,10.298135,19.344,5.243825,10.296,18.2,7.25,2.309432547,20,0,0,14,0,12,2,0,0,0,0,0,0,0,0
Tol1-3_Subset_31.tif,6.6213,10.4347,7.6667,74,464,12,3,4.23446,3,0.333333333,2974,17.37102,4.23446,6,12,12,1.5,18,0.666666667,0.557110593,2.44490218,0.27679,0.676724474,6.62133,10.43467,7.66667,0.3707,64,184,15,9.002070341,6.6213,10.4347,7.6667,74,3,31,4.23446,3,0.333333333,63.54194009,49.91236789,0.181818182,2.848484848,0,0.151515152,6.351315,9.152,7,5.962665,10.157335,8,1.470288164,5,0,0,6,0,6,0,0,0,0,0,0,0,0,0
Tol1-3_Subset_35.tif,17.16,4.056,8,78,459,3,1,0.65978,2.5,0.4,3097,3.32609,0.65978,2,3,3,1.333333333,4,0.75,0.502559671,0.630477943,0.35409,0.223245935,17.16,4.056,8,0.18365,165,245,16,19.32532308,17.16,4.056,8,78,1,35,0.65978,2.5,0.4,53.75915179,34.87488966,1,1.333333333,0,0.777777778,16.956465,3.56652,7.525465,17.056,3.9,7.75,0.414164331,2,0,0,2,0,0,1,0,0,0,0,0,0,0,0
Tol1-3_Subset_36.tif,16.016,3.744,8,80,434,9,1,0.65437,1,1,3110,1.56004,0.65437,1,2,1,0,2,0,0.730800579,1.560039011,0.353839,0.552002644,16.016,3.744,8,0.25318,154,248,16,18.85162486,16.016,3.744,8,80,1,36,0.65437,1,1,65.13737381,34.1015069,1,1,0,0,15.773265,3.328,7.5,15.773265,3.328,7.5,0,0,0,0,2,0,0,0,0,0,0,0,0,0,0,0
Tol1-3_Subset_38.tif,7.696,19.552,7.5,81,458,6,1,0.2001,1,1,3121,0.84384,0.2001,1,2,1,0,2,0,0.549475774,0.843845054,0.2755,0.232479312,7.696,19.552,7.5,0.18681,74,96,15,5.129098166,7.696,19.552,7.5,81,1,38,0.2001,1,1,120.1847419,37.54865411,1,1,0,0,7.644,19.24,7.25,7.644,19.24,7.25,0,0,0,0,2,0,0,0,0,0,0,0,0,0,0,0
Tol1-3_Subset_30.tif,1.664,17.576,7.5,86,469,7,1,0.57866,1,1,2939,0.8574,0.57866,1,2,1,0,2,0,0.926990004,0.857393139,0.32312875,0.277048373,1.664,17.576,7.5,0.0256,16,115,15,5.111142338,1.664,17.576,7.5,86,1,30,0.57866,1,1,44.17719957,42.82415921,1,1,0,0,1.82,17.212,7.564815,1.82,17.212,7.564815,0,0,0,0,2,0,0,0,0,0,0,0,0,0,0,1
Tol1-3_Subset_42.tif,20.696,10.192,7.5,94,465,3,1,0.05949,1,1,3201,0.312,0.05949,1,2,1,0,2,0,0.492719496,0.312,0.18971,0.05918952,20.696,10.192,7.5,0.17577,199,186,15,18.25704817,20.696,10.192,7.5,94,1,42,0.05949,1,1,74.65963551,46.95459734,1,1,0,0,20.696,10.036,7.5,20.696,10.036,7.5,0,0,0,0,2,0,0,0,0,0,0,0,0,0,0,0
Tol1-3_Subset_44.tif,12.168,2.496,7.5,104,433,6,1,0.29203,1,1,3208,0.92266,0.29203,1,2,1,0,2,0,0.634816121,0.922657753,0.327698571,0.302353627,12.168,2.496,7.5,0.14175,117,260,15,17.80839892,12.168,2.496,7.5,104,1,44,0.29203,1,1,49.24053776,49.83952155,1,1,0,0,12.324,2.184,7.25,12.324,2.184,7.25,0,0,0,0,2,0,0,0,0,0,0,0,0,0,0,0
Tol1-3_Subset_39.tif,4.576,19.656,7,106,457,10,1,0.31907,1,1,3132,1.25297,0.31907,1,2,1,0,2,0,0.569413434,1.252963726,0.235990909,0.295688049,4.576,19.656,7,0.16099,44,95,14,3.796472047,4.576,19.656,7,106,1,39,0.31907,1,1,154.5693905,43.90839814,1,1,0,0,4.768665,19.136,7.064815,4.768665,19.136,7.064815,0,0,0,0,2,0,0,0,0,0,0,0,0,0,0,0
Tol1-3_Subset_40.tif,7.28,18.096,7,112,410,4,1,0.29203,1,1,3137,1.13274,0.29203,1,2,1,0,2,0,0.572932786,1.132743627,0.275558,0.312136568,7.28,18.096,7,0.30444,70,110,14,4.300096743,7.28,18.096,7,112,1,40,0.29203,1,1,51.52651253,50.46443576,1,1,0,0,7.488,18.252,6.5,7.488,18.252,6.5,0,0,0,0,2,0,0,0,0,0,0,0,0,0,0,1
Tol1-3_Subset_41.tif,3.12,16.12,7,116,453,9,1,2.11994,2,0.5,3179,7.44098,2.11994,5,8,7,1.125,9,0.888888889,0.602284623,1.056468061,0.266638,0.281694531,3.12,16.12,7,0.03251,30,129,14,4.398328774,3.12,16.12,7,116,1,41,2.11994,2,0.5,46.76367574,50.47473347,0.25,2.321428571,0,0.226190476,3.50069,13.988,6.87037,3.171865,15.617335,6.916665,1.662829411,5,0,0,5,0,3,0,0,0,0,0,0,0,0,0
Tol1-3_Subset_46.tif,6.552,7.072,7,131,439,3,1,0.15683,1,1,3244,0.33882,0.15683,1,2,1,0,2,0,0.767688635,0.338814865,0.2773125,0.093957597,6.552,7.072,7,0.24638,63,216,14,11.7986528,6.552,7.072,7,131,1,46,0.15683,1,1,56.97387287,46.44712315,1,1,0,0,6.604,6.916,7,6.604,6.916,7,0,0,0,0,2,0,0,0,0,0,0,0,0,0,0,0
Tol1-3_Subset_37.tif,14.768,0.728,7,139,432,3,1,0.2001,1,1,3114,0.44123,0.2001,1,2,1,0,2,0,0.759881877,0.441234631,0.223665,0.098688744,14.768,0.728,7,0.14719,142,277,14,20.42549975,14.768,0.728,7,139,1,37,0.2001,1,1,51.73341237,42.94207672,1,1,0,0,14.924,0.572,7,14.924,0.572,7,0,0,0,0,2,0,0,0,0,0,0,0,0,0,0,0
Tol1-3_Subset_45.tif,6.032,22.88,6.5,141,382,7,1,0.98426,2,0.5,3240,5.76157,0.98426,4,6,5,1,6,1,0.466379611,1.861238015,0.286605,0.533440121,6.032,22.88,6.5,0.17566,58,64,13,5.697359388,6.032,22.88,6.5,141,1,45,0.98426,2,0.5,56.67400699,57.75233437,0.333333333,1.933333333,0,0.311111111,6.084,22.256,5,6.136,22.516,5.75,0.795489786,2,0,0,4,0,2,0,0,0,0,0,0,0,0,0
Tol1-3_Subset_49.tif,21.008,7.384,6.5,153,406,3,1,0.04867,1,1,3268,0.60991,0.04867,1,2,1,0,2,0,0.318751954,0.609910935,0.164095,0.100083335,21.008,7.384,6.5,0.104,202,213,13,19.72825466,21.008,7.384,6.5,153,1,49,0.04867,1,1,56.60296579,53.78015861,1,1,0,0,20.956,7.228,6.25,20.956,7.228,6.25,0,0,0,0,2,0,0,0,0,0,0,0,0,0,0,0
Tol1-3_Subset_50.tif,21.4389,4.0114,5.5,168,360,2,3,2.31462,3,0.333333333,3281,8.9476,2.31462,6,10,9,1.2,12,0.833333333,0.573907142,0.801081877,0.33432,0.267817693,21.43886,4.01143,5.5,0.12881,206,245,11,21.97043195,21.4389,4.0114,5.5,168,3,50,2.31462,3,0.333333333,62.77966371,74.30664165,0.2,2.6,0,0.177777778,21.49367,3.484,4.36111,21.448495,3.79105,5.166665,0.863272461,3,0,0,6,0,4,0,0,0,0,0,0,0,0,0
Tol1-3_Subset_48.tif,16.952,2.288,6,170,403,19,1,0.85446,1,1,3264,2.58073,0.85446,1,2,1,0,2,0,0.649276438,2.580726476,0.3337705,0.861370366,16.952,2.288,6,0.24253,163,262,12,20.18667798,16.952,2.288,6,170,1,48,0.85446,1,1,50.50333248,57.95289311,1,1,0,0,15.964,2.03003,6.25,15.964,2.03003,6.25,0,0,0,0,2,0,0,0,0,0,0,0,0,0,0,0
Tol1-3_Subset_51.tif,2.288,25.376,5.5,172,402,3,1,0.04326,1,1,3318,0.312,0.04326,1,2,1,0,2,0,0.42016611,0.312,0.17751,0.05538312,2.288,25.376,5.5,0.17955,22,40,11,7.856525441,2.288,25.376,5.5,172,1,51,0.04326,1,1,61.47014901,52.03008177,1,1,0,0,2.288,25.22,5.5,2.288,25.22,5.5,0,0,0,0,2,0,0,0,0,0,0,0,0,0,0,0
Tol1-3_Subset_52.tif,7.592,19.448,5,217,284,9,1,0.39478,1,1,3328,1.66771,0.39478,1,2,1,0,2,0,0.549000025,1.667712372,0.268554,0.447870828,7.592,19.448,5,0.22176,73,97,10,3.419410476,7.592,19.448,5,217,1,52,0.39478,1,1,53.93072234,50.24705114,1,1,0,0,7.28,19.916,4.5,7.28,19.916,4.5,0,0,0,0,2,0,0,0,0,0,0,0,0,0,0,0
Tol1-3_Subset_55.tif,3.536,19.344,5,219,341,9,1,0.31907,1,1,3363,1.66677,0.31907,1,2,1,0,2,0,0.493696681,1.666761804,0.298226,0.497071706,3.536,19.344,5,0.14266,34,98,10,2.261910697,3.536,19.344,5,219,1,55,0.31907,1,1,46.81972576,52.22618008,1,1,0,0,3.58414,19.812,4.592595,3.58414,19.812,4.592595,0,0,0,0,2,0,0,0,0,0,0,0,0,0,0,0
Tol1-3_Subset_53.tif,22.36,5.408,5,231,364,3,1,0.11898,1,1,3332,0.33059,0.11898,1,2,1,0,2,0,0.676935337,0.330596058,0.2448875,0.080958842,22.36,5.408,5,0.2813,215,232,10,21.78992978,22.36,5.408,5,231,1,53,0.11898,1,1,66.49074795,53.48774544,1,1,0,0,22.308,5.252,5,22.308,5.252,5,0,0,0,0,2,0,0,0,0,0,0,0,0,0,0,0
Tol1-3_Subset_54.tif,10.1227,20.6613,4.1667,255,230,4,3,0.91395,3,0.333333333,3350,3.27285,0.91395,2,4,4,1.5,6,0.666666667,0.596284098,0.916163027,0.247842,0.227063677,10.12267,20.66133,4.16667,0.28796,97,85,8,5.916417128,10.1227,20.6613,4.1667,255,3,54,0.91395,3,0.333333333,48.38165507,49.28869461,0.666666667,1.666666667,0,0.25,10.452,20.4188,4,10.27202,20.513105,4.02284,0.2044698,0,0,0,2,0,2,0,0,0,0,0,0,0,0,0
Tol1-3_Subset_58.tif,15.08,15.288,4.5,268,267,9,1,3.01226,2.5,0.4,3423,12.99715,3.01226,8,13,12,1.230769231,4,0.8125,0.543221839,1.45270402,0.271782,0.394818804,15.08,15.288,4.5,0.21218,145,137,9,10.74650455,15.08,15.288,4.5,268,1,58,3.01226,2.5,0.4,57.23969724,62.70943817,0.153846154,3,0,0.157051282,15.392,15.444,3.25,15.582665,15.173,4.166665,0.974714761,2,0,0,8,0,4,1,0,0,0,0,0,0,0,0
Tol1-3_Subset_59.tif,3.016,23.088,4,294,197,7,1,0.14061,1,1,3496,1.32762,0.14061,1,2,1,0,2,0,0.367219953,1.32761553,0.20647875,0.274124395,3.016,23.088,4,0.17968,29,62,8,5.221912293,3.016,23.088,4,294,1,59,0.14061,1,1,52.271914,54.19766283,1,1,0,0,3.12,23.4,3.5,3.12,23.4,3.5,0,0,0,0,2,0,0,0,0,0,0,0,0,0,0,0
Tol1-3_Subset_61.tif,15.08,17.472,4,310,178,13,1,0.5408,1,1,3536,2.01674,0.5408,1,2,1,0,2,0,0.584316896,2.016735975,0.309913571,0.625013849,15.08,17.472,4,0.04206,145,116,8,10.33380859,15.08,17.472,4,310,1,61,0.5408,1,1,49.03661201,57.77474297,1,1,0,0,15.51956,16.848,3.5,15.51956,16.848,3.5,0,0,0,0,2,0,0,0,0,0,0,0,0,0,0,1
Tol1-3_Subset_65.tif,2.08,19.552,3.5,344,225,8,1,0.22173,1,1,3561,0.87177,0.22173,1,2,1,0,2,0,0.569070834,0.871766733,0.194483333,0.1695441,2.08,19.552,3.5,0.12761,20,96,7,3.023163906,2.08,19.552,3.5,344,1,65,0.22173,1,1,43.69021564,53.26503382,1,1,0,0,2.106405,19.136,3.5,2.106405,19.136,3.5,0,0,0,0,2,0,0,0,0,0,0,0,0,0,0,0
Tol1-3_Subset_56.tif,4.784,18.2,3.5,347,524,8,3,0.63274,2,0.5,3372,3.00969,0.63274,1,2,2,1.5,3,0.666666667,0.517376647,1.609376702,0.290776667,0.467969193,4.784,18.2,3.5,0.13424,46,109,7,0,4.784,18.2,3.5,347,3,56,0.63274,2,0.5,50.48737262,40.93487342,2,1,0,0.75,4.89399,17.94833,3.733795,4.94,17.784,3.814815,0.188906086,0,0,0,1,0,1,0,0,0,0,0,0,0,0,0
Tol1-3_Subset_66.tif,13.104,17.888,3.5,349,184,5,1,0.22714,1,1,3567,0.78631,0.22714,1,2,1,0,2,0,0.606463923,0.78630762,0.324086667,0.254831815,13.104,17.888,3.5,0.17485,126,112,7,8.325847945,13.104,17.888,3.5,349,1,66,0.22714,1,1,47.53063825,48.00483949,1,1,0,0,13.208,17.628,3.25,13.208,17.628,3.25,0,0,0,0,2,0,0,0,0,0,0,0,0,0,0,1
Tol1-3_Subset_71.tif,15.6,16.12,3.5,352,222,3,1,0.03245,1,1,3610,0.312,0.03245,1,2,1,0,2,0,0.363902562,0.312,0.169925,0.0530166,15.6,16.12,3.5,0.18394,150,129,7,11.01418431,15.6,16.12,3.5,352,1,71,0.03245,1,1,46.88326921,51.57979423,1,1,0,0,15.6,15.964,3.5,15.6,15.964,3.5,0,0,0,0,2,0,0,0,0,0,0,0,0,0,0,0
Tol1-3_Subset_62.tif,4.16,12.688,3.5,358,217,8,1,0.24336,1,1,3545,0.86683,0.24336,1,2,1,0,2,0,0.597878162,0.866828541,0.236912222,0.205362276,4.16,12.688,3.5,0.17697,40,162,7,5.547208307,4.16,12.688,3.5,358,1,62,0.24336,1,1,67.66831073,51.91336167,1,1,0,0,4.264,12.272,3.5,4.264,12.272,3.5,0,0,0,0,2,0,0,0,0,0,0,0,0,0,0,0
Tol1-3_Subset_75.tif,9.88,4.264,3.5,368,208,4,1,0.18387,1,1,3667,0.46968,0.18387,1,2,1,0,2,0,0.706007742,0.46967908,0.196992,0.092523021,9.88,4.264,3.5,0.21238,95,243,7,14.83850774,9.88,4.264,3.5,368,1,75,0.18387,1,1,64.22879015,49.98564697,1,1,0,0,9.672,4.16,3.5,9.672,4.16,3.5,0,0,0,0,2,0,0,0,0,0,0,0,0,0,0,0
Tol1-3_Subset_63.tif,6.24,25.376,3,379,198,3,1,0.29744,1,1,3549,0.312,0.29744,1,2,1,0,2,0,1.101735767,0.312,0.2796175,0.08724066,6.24,25.376,3,0.14066,60,40,6,7.339271898,6.24,25.376,3,379,1,63,0.29744,1,1,59.55983695,50.20652316,1,1,0,0,6.24,25.22,3,6.24,25.22,3,0,0,0,0,2,0,0,0,0,0,0,0,0,0,0,1
Tol1-3_Subset_76.tif,3.016,21.944,3,384,141,4,1,0.16765,1,1,3672,0.71594,0.16765,1,2,1,0,2,0,0.54603254,0.715940798,0.227198,0.162660317,3.016,21.944,3,0.20247,29,73,6,4.170534738,3.016,21.944,3,384,1,76,0.16765,1,1,49.28863449,369.2112174,1,1,0,0,3.172,21.788,2.75,3.172,21.788,2.75,0,0,0,0,2,0,0,0,0,0,0,0,0,0,0,0
Tol1-3_Subset_64.tif,8.424,20.696,3,387,192,2,1,0.0649,1,1,3552,0.29648,0.0649,1,2,1,0,2,0,0.52793409,0.296479277,0.195373333,0.057924145,8.424,20.696,3,0.18121,81,85,6,4.441803237,8.424,20.696,3,387,1,64,0.0649,1,1,73.59333115,59.09429925,1,1,0,0,8.528,20.592,3.00926,8.528,20.592,3.00926,0,0,0,0,2,0,0,0,0,0,0,0,0,0,0,0
Tol1-3_Subset_60.tif,6.968,18.096,3,392,129,4,1,1.17894,2,0.5,3508,4.31598,1.17894,4,6,5,1,6,1,0.589740833,0.78235933,0.40601,0.317645712,6.968,18.096,3,0.35725,67,110,6,2.242915959,6.968,18.096,3,392,1,60,1.17894,2,0.5,56.40769347,52.39755425,0.333333333,1.933333333,0,0.311111111,6.292,17.368,2.61111,6.725335,17.957335,2.75,0.744570612,4,0,0,4,0,2,0,0,0,0,0,0,0,0,0
Tol1-3_Subset_68.tif,7.384,17.16,3,398,182,3,1,0.30826,1,1,3575,0.38243,0.30826,1,2,1,0,2,0,1.013065836,0.382425656,0.28701,0.109759988,7.384,17.16,3,0.23584,71,119,6,2.844573782,7.384,17.16,3,398,1,68,0.30826,1,1,47.71870882,48.16931,1,1,0,0,7.28,17.004,3,7.28,17.004,3,0,0,0,0,2,0,0,0,0,0,0,0,0,0,0,0
Tol1-3_Subset_67.tif,6.656,17.056,3,400,181,3,1,0.18387,1,1,3571,0.312,0.18387,1,2,1,0,2,0,0.86622996,0.312,0.269925,0.0842166,6.656,17.056,3,0.2509,64,120,6,2.250137774,6.656,17.056,3,400,1,67,0.18387,1,1,49.55971014,56.99937019,1,1,0,0,6.656,16.9,3,6.656,16.9,3,0,0,0,0,2,0,0,0,0,0,0,0,0,0,0,0
Tol1-3_Subset_69.tif,13.104,16.952,3,401,172,18,1,0.5408,1,1,3594,2.42059,0.5408,1,2,1,0,2,0,0.533350594,2.420598056,0.257708947,0.623809777,13.104,16.952,3,0.04492,126,121,6,8.427924062,13.104,16.952,3,401,1,69,0.5408,1,1,60.0242181,51.0370466,1,1,0,0,13.572,16.12,3.203705,13.572,16.12,3.203705,0,0,0,0,2,0,0,0,0,0,0,0,0,0,0,1
Tol1-3_Subset_78.tif,12.376,16.744,3,404,179,9,1,1.03293,2,0.5,3721,4.60895,1.03293,3,4,3,0.75,3,1.333333333,0.534182316,1.200920393,0.22817,0.274014006,12.376,16.744,3,0.21701,119,123,6,7.746508891,12.376,16.744,3,404,1,78,1.03293,2,0.5,63.60720026,58.68397616,0.5,1.5,0,0.5,11.336,16.30139,2.549385,11.873335,16.570665,2.833335,0.664729667,1,0,0,3,0,1,0,0,0,0,0,0,0,0,0
Tol1-3_Subset_80.tif,12.376,16.432,3,408,177,4,1,0.15683,1,1,3739,0.43374,0.15683,1,2,1,0,2,0,0.678507876,0.4337417,0.19904,0.086331948,12.376,16.432,3,0.07479,119,126,6,7.811164318,12.376,16.432,3,408,1,80,0.15683,1,1,54.16787423,55.15469142,1,1,0,0,12.324,16.224,3,12.324,16.224,3,0,0,0,0,2,0,0,0,0,0,0,0,0,0,0,0
Tol1-3_Subset_70.tif,6.24,16.432,3,410,175,4,1,0.68141,2,0.5,3606,1.20366,0.68141,3,4,3,0.75,3,1.333333333,0.848999426,0.578501683,0.345032,0.199601593,6.24,16.432,3,0.28267,60,126,6,2.344303735,6.24,16.432,3,410,1,70,0.68141,2,0.5,49.57255636,54.93040059,0.5,1.5,0,0.5,6.552,16.068,3,6.413335,16.206665,3,0.196101924,1,0,0,3,0,1,0,0,0,0,0,0,0,0,0
Tol1-3_Subset_81.tif,12.792,15.912,3,415,114,10,1,0.85446,2,0.5,3758,4.6528,0.85446,3,4,3,0.75,3,1.333333333,0.483552614,1.621736248,0.301375455,0.488751499,12.792,15.912,3,0.23849,123,131,6,8.343441017,12.792,15.912,3,415,1,81,0.85446,2,0.5,55.04547946,63.35547592,0.5,1.5,0,0.5,11.804205,15.132,2.5,12.358665,15.409335,2.583335,0.62552803,1,0,0,3,0,1,0,0,0,0,0,0,0,0,0
Tol1-3_Subset_57.tif,5.824,15.08,3,419,55,19,1,1.22221,1,1,3400,4.16433,1.22221,1,2,1,0,2,0,0.611301423,4.164332932,0.32506,1.353658063,5.824,15.08,3,0.40689,56,139,6,3.326559785,5.824,15.08,3,419,1,57,1.22221,1,1,55.20488225,50.34076391,1,1,0,0,5.5121,16.016,3.037035,5.5121,16.016,3.037035,0,0,0,0,2,0,0,0,0,0,0,0,0,0,0,0
Tol1-3_Subset_82.tif,8.84,14.768,3,421,111,2,1,2.13075,2.5,0.4,3804,8.48215,2.13075,5,9,9,1.444444444,4,0.692307692,0.565546519,0.566393131,0.379826667,0.215131215,8.84,14.768,3,0.25238,85,142,6,5.33664314,8.84,14.768,3,421,1,82,2.13075,2.5,0.4,51.77925178,50.42476796,0.25,2.555555556,0,0.219907407,8.01206,14.872,2.5,8.71,14.794,2.75,0.745455729,3,0,0,5,0,3,1,0,0,0,0,0,0,0,0
Tol1-3_Subset_73.tif,5.72,12.064,3,426,99,5,1,1.18976,2,0.5,3633,3.28471,1.18976,3,4,3,0.75,3,1.333333333,0.6791039,0.845555117,0.355465,0.30056525,5.72,12.064,3,0.15002,55,168,6,6.227085354,5.72,12.064,3,426,1,73,1.18976,2,0.5,51.52030538,65.33622853,0.5,1.5,0,0.5,6.068865,12.22,2.5,5.841335,12.341335,2.75,0.359154679,1,0,0,3,0,1,0,0,0,0,0,0,0,0,0
Tol1-3_Subset_86.tif,21.84,6.448,3,432,88,9,1,0.2704,1,1,3901,1.23369,0.2704,1,2,1,0,2,0,0.52826931,1.233692006,0.247224,0.304998272,21.84,6.448,3,0.07993,210,222,6,20.71875093,21.84,6.448,3,432,1,86,0.2704,1,1,52.7388832,56.44841307,1,1,0,0,21.528,6.032,2.75,21.528,6.032,2.75,0,0,0,0,2,0,0,0,0,0,0,0,0,0,0,0
Tol1-3_Subset_89.tif,1.352,21.424,2.5,447,140,4,1,0.10275,1,1,3943,0.44281,0.10275,1,2,1,0,2,0,0.543547202,0.442807448,0.172816,0.076524212,1.352,21.424,2.5,0.14314,13,78,5,4.813813457,1.352,21.424,2.5,447,1,89,0.10275,1,1,49.5183283,164.3905223,1,1,0,0,1.404,21.216,2.5,1.404,21.216,2.5,0,0,0,0,2,0,0,0,0,0,0,0,0,0,0,0
Tol1-3_Subset_83.tif,9.256,14.768,2.5,476,105,10,1,0.44346,1,1,3851,1.34608,0.44346,1,2,1,0,2,0,0.647659663,1.346081945,0.270938182,0.364704995,9.256,14.768,2.5,0.20827,89,142,5,5.725155718,9.256,14.768,2.5,476,1,83,0.44346,1,1,57.94196633,49.1255152,1,1,0,0,9.724,14.3,2.5,9.724,14.3,2.5,0,0,0,0,2,0,0,0,0,0,0,0,0,0,0,0
Tol1-3_Subset_91.tif,13.312,14.04,2.5,480,104,5,1,0.3353,1,1,3953,0.67658,0.3353,1,2,1,0,2,0,0.794350655,0.676579374,0.287863333,0.194762394,13.312,14.04,2.5,0.36425,128,149,5,9.541089246,13.312,14.04,2.5,480,1,91,0.3353,1,1,49.34436768,122.8831628,1,1,0,0,13.052,13.832,2.5,13.052,13.832,2.5,0,0,0,0,2,0,0,0,0,0,0,0,0,0,0,0
Tol1-3_Subset_72.tif,17.784,13.936,2.5,481,519,12,1,0.80579,1,1,3623,1.72598,0.80579,1,2,1,0,2,0,0.770988884,1.725971726,0.282562308,0.487694554,17.784,13.936,2.5,0.28933,171,150,5,13.71793337,17.784,13.936,2.5,481,1,72,0.80579,1,1,45.45018094,55.32813839,1,1,0,0,18.356,13.312,2.516205,18.356,13.312,2.516205,0,0,0,0,2,0,0,0,0,0,0,0,0,0,0,0
Tol1-3_Subset_84.tif,11.544,13.624,2.5,484,517,16,1,1.31955,2,0.5,3868,3.98813,1.31955,3,4,3,0.75,3,1.333333333,0.649057738,2.16767083,0.302017059,0.654673569,11.544,13.624,2.5,0.1345,111,153,5,8.22419455,11.544,13.624,2.5,484,1,84,1.31955,2,0.5,61.01800056,77.3537801,0.5,1.5,0,0.5,12.636,13.052,2.25,12.272,13.364,2.25,0.479416312,0,0,0,3,0,1,0,0,0,0,0,0,0,0,0
Tol1-3_Subset_92.tif,6.448,13.624,2.5,485,101,8,1,0.16765,1,1,3962,0.84973,0.16765,1,2,1,0,2,0,0.501206117,0.849734667,0.167514444,0.142342831,6.448,13.624,2.5,0.10257,62,153,5,4.97078183,6.448,13.624,2.5,485,1,92,0.16765,1,1,55.28887167,53.53530556,1,1,0,0,6.5,13.208,2.5,6.5,13.208,2.5,0,0,0,0,2,0,0,0,0,0,0,0,0,0,0,0
Tol1-3_Subset_93.tif,8.008,12.688,2.5,489,98,2,1,0.08112,1,1,3965,0.23586,0.08112,1,2,1,0,2,0,0.661746851,0.235862461,0.15865,0.037419579,8.008,12.688,2.5,0.08863,77,162,5,6.463460374,8.008,12.688,2.5,489,1,93,0.08112,1,1,51.36386308,114.5035444,1,1,0,0,8.06,12.584,2.5,8.06,12.584,2.5,0,0,0,0,2,0,0,0,0,0,0,0,0,0,0,0
Tol1-3_Subset_95.tif,9.776,11.856,2.5,492,35,12,1,0.55702,1,1,3993,1.58285,0.55702,1,2,1,0,2,0,0.669376673,1.582853082,0.320436154,0.507203354,9.776,11.856,2.5,0.22335,94,170,5,8.13427317,9.776,11.856,2.5,492,1,95,0.55702,1,1,40.27870958,49.86685146,1,1,0,0,9.511935,11.95594,2.25,9.511935,11.95594,2.25,0,0,0,0,2,0,0,0,0,0,0,0,0,0,0,0
Tol1-3_Subset_85.tif,6.864,11.128,2.5,493,516,6,1,0.60029,1,1,3891,0.92502,0.60029,1,2,1,0,2,0,0.908991982,0.925021392,0.415985714,0.384795684,6.864,11.128,2.5,0.36463,66,177,5,7.439058005,6.864,11.128,2.5,493,1,85,0.60029,1,1,59.55210975,44.94238413,1,1,0,0,7.072,11.44,2.25,7.072,11.44,2.25,0,0,0,0,2,0,0,0,0,0,0,0,0,0,0,0
Tol1-3_Subset_99.tif,8.424,9.88,2.5,494,31,6,1,0.11898,1,1,4091,0.85214,0.11898,1,2,1,0,2,0,0.421634914,0.852141205,0.236675714,0.201681128,8.424,9.88,2.5,0.13852,81,189,5,9.136301221,8.424,9.88,2.5,494,1,99,0.11898,1,1,47.6522904,48.083333,1,1,0,0,8.684,9.724,2.25,8.684,9.724,2.25,0,0,0,0,2,0,0,0,0,0,0,0,0,0,0,0
Tol1-3_Subset_100.tif,7.072,7.8,2.5,497,29,4,1,0.28122,1,1,4096,0.70398,0.28122,1,2,1,0,2,0,0.713178104,0.703983059,0.352098,0.247871027,7.072,7.8,2.5,0.19643,68,209,5,10.69555721,7.072,7.8,2.5,497,1,100,0.28122,1,1,62.48326713,50.56904423,1,1,0,0,7.02,8.008,2.25,7.02,8.008,2.25,0,0,0,0,2,0,0,0,0,0,0,0,0,0,0,0
Tol1-3_Subset_103.tif,13.832,6.656,2.5,499,26,17,1,0.72467,1,1,4126,2.23675,0.72467,1,2,1,0,2,0,0.642268286,2.236747224,0.271128333,0.606445547,13.832,6.656,2.5,0.24287,133,220,5,14.70136864,13.832,6.656,2.5,499,1,103,0.72467,1,1,47.84871821,47.19396819,1,1,0,0,12.948,7.124,2.25,12.948,7.124,2.25,0,0,0,0,2,0,0,0,0,0,0,0,0,0,0,0
Tol1-3_Subset_87.tif,23.088,5.2,2.5,507,22,7,1,0.41642,1,1,3909,0.98166,0.41642,1,2,1,0,2,0,0.734920398,0.981656287,0.345445,0.339108256,23.088,5.2,2.5,0.29365,222,234,5,22.47301529,23.088,5.2,2.5,507,1,87,0.41642,1,1,42.07988904,49.63441006,1,1,0,0,23.09186,5.564,2.25,23.09186,5.564,2.25,0,0,0,0,2,0,0,0,0,0,0,0,0,0,0,0
Tol1-3_Subset_104.tif,17.056,4.784,2.5,510,23,27,1,0.76794,1,1,4154,3.70129,0.76794,1,2,1,0,2,0,0.51397518,3.701283064,0.23321,0.863176223,17.056,4.784,2.5,0.19597,164,238,5,18.2096414,17.056,4.784,2.5,510,1,104,0.76794,1,1,46.04937267,51.85972069,1,1,0,0,15.808,5.928,2.25,15.808,5.928,2.25,0,0,0,0,2,0,0,0,0,0,0,0,0,0,0,0
Tol1-3_Subset_88.tif,17.056,2.912,2.5,515,15,2,1,1.22221,2,0.5,3938,4.07769,1.22221,1,2,2,1.5,3,0.666666667,0.617761548,0.580186398,0.322993333,0.187396339,17.056,2.912,2.5,0.0835,164,256,5,19.62969506,17.056,2.912,2.5,515,1,88,1.22221,2,0.5,46.80308113,53.35846427,2,1,0,0.75,16.51061,2.396065,2.25,16.952,2.808,2.25,0.603751254,1,0,0,1,0,1,0,0,0,0,0,0,0,0,0
Tol1-3_Subset_77.tif,7.696,20.28,2,519,67,6,1,0.56784,2,0.5,3683,2.02157,0.56784,3,4,3,0.75,3,1.333333333,0.598030947,1.016808673,0.409562857,0.416447065,7.696,20.28,2,0.49608,74,89,4,3.880224736,7.696,20.28,2,519,1,77,0.56784,2,0.5,59.51305794,50.64941395,0.5,1.5,0,0.5,7.956,19.916,1.916665,7.852,19.968,2.166665,0.275717246,0,0,0,3,0,1,0,0,0,0,0,0,0,0,0
Tol1-3_Subset_106.tif,8.632,19.864,2,520,14,4,1,0.11898,1,1,4163,0.72989,0.11898,1,2,1,0,2,0,0.45557862,0.729892563,0.23749,0.173342185,8.632,19.864,2,0.05411,83,93,4,4.452639667,8.632,19.864,2,520,1,106,0.11898,1,1,47.2436247,57.2220598,1,1,0,0,8.476,20.02,1.75,8.476,20.02,1.75,0,0,0,0,2,0,0,0,0,0,0,0,0,0,0,0
Tol1-3_Subset_79.tif,8.528,16.64,2,533,514,12,1,0.51376,1,1,3734,2.18969,0.51376,1,2,1,0,2,0,0.546567603,2.18968705,0.311133846,0.681285754,8.528,16.64,2,0.14411,82,124,4,4.324481009,8.528,16.64,2,533,1,79,0.51376,1,1,96.47099022,61.85747447,1,1,0,0,8.181265,16.578655,2.01389,8.181265,16.578655,2.01389,0,0,0,0,2,0,0,0,0,0,0,0,0,0,0,0
Tol1-3_Subset_90.tif,16.952,14.352,2,537,45,3,1,0.2055,1,1,3947,0.33882,0.2055,1,2,1,0,2,0,0.878772491,0.338814865,0.236955,0.080283876,16.952,14.352,2,0.31638,163,146,4,12.84979875,16.952,14.352,2,537,1,90,0.2055,1,1,57.7585644,49.0535911,1,1,0,0,17.004,14.196,2,17.004,14.196,2,0,0,0,0,2,0,0,0,0,0,0,0,0,0,0,0
Tol1-3_Subset_94.tif,17.888,13,2,545,36,14,1,0.38938,1,1,3980,1.62039,0.38938,1,2,1,0,2,0,0.553136226,1.62037777,0.243683333,0.394859056,17.888,13,2,0.13535,172,159,4,14.17761672,17.888,13,2,545,1,94,0.38938,1,1,48.62838775,46.61694517,1,1,0,0,18.356,12.376,2,18.356,12.376,2,0,0,0,0,2,0,0,0,0,0,0,0,0,0,0,0
Tol1-3_Subset_107.tif,15.6,12.792,2,547,10,4,1,0.15142,1,1,4168,0.66795,0.15142,1,2,1,0,2,0,0.537247871,0.667947047,0.285172,0.190479795,15.6,12.792,2,0.23466,150,161,4,12.18533217,15.6,12.792,2,547,1,107,0.15142,1,1,53.47720357,58.77520375,1,1,0,0,15.548,13,1.75,15.548,13,1.75,0,0,0,0,2,0,0,0,0,0,0,0,0,0,0,0
Tol1-3_Subset_108.tif,15.808,12.376,2,550,37,4,1,0.10816,1,1,4173,0.416,0.10816,1,2,1,0,2,0,0.575362739,0.416,0.180968,0.075282688,15.808,12.376,2,0.15445,152,165,4,12.55776859,15.808,12.376,2,550,1,108,0.10816,1,1,50.01287539,57.57032671,1,1,0,0,15.808,12.168,2,15.808,12.168,2,0,0,0,0,2,0,0,0,0,0,0,0,0,0,0,0
Tol1-3_Subset_96.tif,14.976,11.544,2,555,33,10,1,1.71434,2,0.5,4010,6.53214,1.71434,3,4,3,0.75,3,1.333333333,0.578063831,1.225543343,0.255504545,0.313131895,14.976,11.544,2,0.1665,144,173,4,12.26495821,14.976,11.544,2,555,1,96,1.71434,2,0.5,51.6053753,48.93021782,0.5,1.5,0,0.5,14.600825,10.29793,1.75,15.09669,10.972,2,0.873357008,2,0,0,3,0,1,0,0,0,0,0,0,0,0,0
Tol1-3_Subset_98.tif,12.48,11.544,2,556,7,12,1,0.52998,1,1,4084,1.72535,0.52998,1,2,1,0,2,0,0.625383179,1.725348306,0.271460769,0.468364378,12.48,11.544,2,0.2827,120,173,4,10.28497701,12.48,11.544,2,556,1,98,0.52998,1,1,64.48906079,55.50434897,1,1,0,0,11.977165,11.128,1.75,11.977165,11.128,1.75,0,0,0,0,2,0,0,0,0,0,0,0,0,0,0,0
Tol1-3_Subset_110.tif,13.416,11.44,2,557,6,8,1,0.18387,1,1,4186,1.05991,0.18387,1,2,1,0,2,0,0.469976348,1.059911318,0.229264444,0.24299998,13.416,11.44,2,0.16885,129,174,4,11.06612055,13.416,11.44,2,557,1,110,0.18387,1,1,49.75438696,50.75289228,1,1,0,0,13.52,11.024,1.75,13.52,11.024,1.75,0,0,0,0,2,0,0,0,0,0,0,0,0,0,0,0
Tol1-3_Subset_109.tif,16.64,11.336,2,558,9,3,1,0.15142,1,1,4177,0.60991,0.15142,1,2,1,0,2,0,0.562229725,0.609910935,0.2942975,0.179495263,16.64,11.336,2,0.34731,160,175,4,13.78148149,16.64,11.336,2,558,1,109,0.15142,1,1,50.38566282,217.984691,1,1,0,0,16.588,11.492,1.75,16.588,11.492,1.75,0,0,0,0,2,0,0,0,0,0,0,0,0,0,0,0
Tol1-3_Subset_97.tif,17.992,11.232,2,559,34,22,1,0.96262,1,1,4071,2.54706,0.96262,1,2,1,0,2,0,0.693685972,2.547061168,0.284165652,0.723787298,17.992,11.232,2,0.34173,173,176,4,15.00847387,17.992,11.232,2,559,1,97,0.96262,1,1,54.09422013,50.15448031,1,1,0,0,16.848,10.87003,2,16.848,10.87003,2,0,0,0,0,2,0,0,0,0,0,0,0,0,0,0,0
Tol1-3_Subset_111.tif,10.816,11.024,2,560,4,11,1,0.31366,1,1,4198,1.4249,0.31366,1,2,1,0,2,0,0.529410359,1.424894273,0.240020833,0.342004311,10.816,11.024,2,0.12944,104,178,4,9.49368211,10.816,11.024,2,560,1,111,0.31366,1,1,50.52558707,55.92742927,1,1,0,0,10.831135,10.452,1.75,10.831135,10.452,1.75,0,0,0,0,2,0,0,0,0,0,0,0,0,0,0,0
Tol1-3_Subset_112.tif,11.336,10.4,2,564,5,3,1,0.09194,1,1,4202,0.6235,0.09194,1,2,1,0,2,0,0.43330039,0.62349735,0.2471125,0.154073989,11.336,10.4,2,0.20318,109,184,4,10.29653845,11.336,10.4,2,564,1,112,0.09194,1,1,46.76333106,88.47559039,1,1,0,0,11.370835,10.244,1.75,11.370835,10.244,1.75,0,0,0,0,2,0,0,0,0,0,0,0,0,0,0,0
Tol1-3_Subset_113.tif,11.128,9.464,2,566,2,8,1,0.22173,1,1,4211,1.21688,0.22173,1,2,1,0,2,0,0.481663138,1.216879354,0.236247778,0.287485043,11.128,9.464,2,0.14317,107,193,4,10.90018495,11.128,9.464,2,566,1,113,0.22173,1,1,46.28812176,53.49092328,1,1,0,0,11.44,9.048,1.75,11.44,9.048,1.75,0,0,0,0,2,0,0,0,0,0,0,0,0,0,0,0
Tol1-3_Subset_114.tif,14.248,8.736,2,568,25,12,1,0.42182,1,1,4224,1.34403,0.42182,1,2,1,0,2,0,0.632141295,1.344029314,0.261025385,0.350825769,14.248,8.736,2,0.04669,137,200,4,13.46790971,14.248,8.736,2,568,1,114,0.42182,1,1,49.74342215,53.30106773,1,1,0,0,14.144205,8.112,2,14.144205,8.112,2,0,0,0,0,2,0,0,0,0,0,0,0,0,0,0,0
Tol1-3_Subset_101.tif,19.448,8.216,2,569,28,5,1,0.24336,1,1,4102,0.60122,0.24336,1,2,1,0,2,0,0.717898338,0.601219213,0.281923333,0.169497725,19.448,8.216,2,0.24483,187,205,4,17.80345899,19.448,8.216,2,569,1,101,0.24336,1,1,56.41424878,58.83902268,1,1,0,0,19.24,8.008,2,19.24,8.008,2,0,0,0,0,2,0,0,0,0,0,0,0,0,0,0,0
Tol1-3_Subset_102.tif,21.944,7.904,2,571,27,5,1,0.16765,1,1,4108,0.55345,0.16765,1,2,1,0,2,0,0.621037239,0.55345259,0.204756667,0.113323107,21.944,7.904,2,0.34282,211,208,4,20.06796492,21.944,7.904,2,571,1,102,0.16765,1,1,44.59505004,86.62966519,1,1,0,0,21.736,7.748,2,21.736,7.748,2,0,0,0,0,2,0,0,0,0,0,0,0,0,0,0,1
Tol1-3_Subset_105.tif,22.36,4.68,2,580,17,3,1,0.11898,1,1,4158,0.312,0.11898,1,2,1,0,2,0,0.696810594,0.312,0.2395375,0.0747357,22.36,4.68,2,0.20932,215,239,4,22.22512488,22.36,4.68,2,580,1,105,0.11898,1,1,45.10838608,50.46109205,1,1,0,0,22.36,4.524,2,22.36,4.524,2,0,0,0,0,2,0,0,0,0,0,0,0,0,0,0,0
Tol1-3_Subset_116.tif,16.848,7.176,1.5,597,1,2,1,0.09734,1,1,4230,0.208,0.09734,1,2,1,0,2,0,0.771914258,0.208,0.19853,0.04129424,16.848,7.176,1.5,0.12346,162,215,3,16.46416326,16.848,7.176,1.5,597,1,116,0.09734,1,1,55.93319871,53.22243512,1,1,0,0,16.744,7.176,1.5,16.744,7.176,1.5,0,0,0,0,2,0,0,0,0,0,0,0,0,0,0,0
Tol1-3_Subset_115.tif,17.68,7.072,1.5,599,0,2,1,0.11357,1,1,4227,0.208,0.11357,1,2,1,0,2,0,0.833787164,0.208,0.145546667,0.030273707,17.68,7.072,1.5,0.10446,170,216,3,17.15048687,17.68,7.072,1.5,599,1,115,0.11357,1,1,49.22035646,55.86425943,1,1,0,0,17.576,7.072,1.5,17.576,7.072,1.5,0,0,0,0,2,0,0,0,0,0,0,0,0,0,0,0